Date,Abflugverspätung ZRH,anzahl_abfluege_total,piste_10_binär,piste_16,piste_28,piste_32,piste_34,regen,regen_imputiert,windgeschwindigkeit,maximale_windgeschwindigkeit,maximale_windgeschwindigkeit_imputiert,temperatur,oil_price,oil_price_imputiert,90_day_average_oil_price,oil_trend,oil_volatility_90,schnee_vorhanden,schnee_intensität,Feiertage,day_of_week,month,WEF
2022-01-01,19.5969387755102,201,False,21,141,35,4,0.0,False,6.0,16.0,False,2.7,77.24,True,79.33200000000001,-2.840571428571451,4.894700229541935,False,0.0,True,Saturday,1,False
2022-01-02,16.9651162790698,274,False,17,220,36,1,0.0,False,7.1,35.0,False,4.3,77.24,True,79.30799999999999,-2.530857142857144,4.8996560759833505,False,0.0,True,Sunday,1,False
2022-01-03,12.1297071129707,245,False,20,207,16,2,0.0,False,12.7,39.0,False,10.0,78.25,False,79.26133333333334,-2.1984761904761996,4.899123104292283,False,0.0,False,Monday,1,False
2022-01-04,13.529541864139,216,False,0,0,210,6,1.4,False,22.2,74.0,False,11.4,79.39,False,79.21166666666667,-1.71880952380954,4.8863069968448505,False,0.0,False,Tuesday,1,False
2022-01-05,9.48743718592965,212,False,3,104,98,7,14.5,False,13.5,41.0,False,2.1,80.6,False,79.18944444444445,-1.1037301587301727,4.880833728999232,False,0.0,False,Wednesday,1,False
2022-01-06,14.218009478673,216,False,20,145,49,2,0.8,False,4.8,14.8,False,0.0,81.99,False,79.17011111111111,-0.8029682539682597,4.871651427181984,True,0.8,False,Thursday,1,False
2022-01-07,10.4069264069264,234,False,20,188,23,3,0.7,False,10.7,34.0,False,0.1,82.28,False,79.16811111111112,-0.3181111111111079,4.870442818260141,True,0.7,False,Friday,1,False
2022-01-08,13.7124463519313,238,False,18,151,65,4,2.8,False,14.2,47.0,False,2.2,82.28,True,79.16933333333333,0.40066666666668027,4.87121833732454,False,0.0,False,Saturday,1,False
2022-01-09,15.7967479674797,254,False,11,106,129,8,11.3,False,16.0,63.0,False,2.7,82.28,True,79.17055555555557,1.1194444444444258,4.871993422882307,False,0.0,False,Sunday,1,False
2022-01-10,13.4712041884817,197,False,18,166,12,1,1.8,False,6.9,27.0,False,0.7,81.56,False,79.15422222222222,1.8557777777777744,4.858914887363835,True,1.8,False,Monday,1,False
2022-01-11,4.48502994011976,172,False,15,147,5,5,0.0,False,12.3,40.0,False,1.5,84.98,False,79.13233333333334,2.350523809523807,4.843393519683907,False,0.0,False,Tuesday,1,False
2022-01-12,9.57738095238095,173,False,18,143,6,6,0.0,False,11.6,32.0,False,-0.7,85.83,False,79.14844444444444,3.132984126984141,4.860567523878409,False,0.0,False,Wednesday,1,False
2022-01-13,6.51851851851852,192,False,14,164,11,3,0.0,False,9.3,27.0,False,-1.7,85.8,False,79.17033333333333,3.8582380952381072,4.88639097305693,False,0.0,False,Thursday,1,False
2022-01-14,11.8695652173913,214,False,16,185,9,4,0.0,False,3.8,13.0,False,-1.9,87.17,False,79.18288888888888,4.389968253968263,4.902107605538546,False,0.0,False,Friday,1,False
2022-01-15,10.4385026737968,189,False,18,149,16,6,0.0,False,5.2,14.0,False,-1.9,87.17,True,79.21066666666667,5.060761904761918,4.940482576620107,False,0.0,False,Saturday,1,False
2022-01-16,10.7578947368421,193,False,16,150,18,9,0.0,False,8.5,30.0,False,-0.3,87.17,True,79.23844444444444,5.731555555555559,4.978405031150186,False,0.0,False,Sunday,1,False
2022-01-17,5.24864864864865,191,False,16,165,7,3,0.0,False,7.8,26.0,False,2.4,87.82,False,79.27222222222223,6.396349206349214,5.022087792219313,False,0.0,False,Monday,1,False
2022-01-18,6.96273291925466,169,False,10,149,9,1,0.0,False,9.3,37.0,False,1.7,88.83,False,79.30333333333334,7.259523809523799,5.066570322364023,False,0.0,False,Tuesday,1,False
2022-01-19,4.67664670658683,172,False,12,103,52,5,0.0,False,10.1,41.0,False,1.9,89.64,False,79.33744444444444,7.775412698412694,5.120575494585985,False,0.0,False,Wednesday,1,False
2022-01-20,7.62576687116564,165,False,13,139,12,1,0.3,False,8.4,32.0,False,1.8,89.75,False,79.39366666666668,8.263476190476183,5.205852249195,True,0.3,False,Thursday,1,False
2022-01-21,8.29015544041451,202,False,17,171,12,2,0.0,False,4.6,33.0,False,-0.4,89.75,False,79.44166666666666,8.779761904761898,5.28150137191805,False,0.0,False,Friday,1,False
2022-01-22,9.68926553672316,182,False,15,130,32,5,0.0,False,4.3,14.8,False,0.1,89.75,True,79.48966666666668,9.100333333333325,5.355647119388555,False,0.0,False,Saturday,1,False
2022-01-23,6.93717277486911,196,False,19,135,38,4,0.0,False,9.2,32.0,False,0.4,89.75,True,79.53766666666667,9.420904761904765,5.428351095680596,False,0.0,False,Sunday,1,False
2022-01-24,4.1123595505618,187,False,18,158,7,4,0.0,False,7.4,21.0,False,0.3,87.74,False,79.59211111111111,9.735031746031737,5.506244360161192,False,0.0,False,Monday,1,False
2022-01-25,4.78321678321678,144,False,12,125,5,2,0.0,False,6.3,18.0,False,0.4,89.49,False,79.62133333333334,9.694380952380953,5.5427154745178715,False,0.0,False,Tuesday,1,False
2022-01-26,5.66265060240964,172,False,17,144,8,3,0.0,False,6.7,17.0,False,-0.7,91.22,False,79.681,9.729,5.620051391264019,False,0.0,False,Wednesday,1,False
2022-01-27,8.91847826086957,188,False,18,159,11,0,2.8,False,8.7,30.0,False,-0.8,90.7,False,79.76788888888889,9.867825396825396,5.73742014106996,True,2.8,False,Thursday,1,False
2022-01-28,9.47342995169082,213,False,18,181,12,2,0.0,False,5.4,21.0,False,2.3,91.47,False,79.85233333333333,9.919095238095238,5.8419900122620865,False,0.0,False,Friday,1,False
2022-01-29,6.30588235294118,181,False,5,80,85,11,0.0,False,9.9,39.0,False,2.7,91.47,True,79.94533333333334,10.07180952380952,5.959707254706134,False,0.0,False,Saturday,1,False
2022-01-30,8.55154639175258,197,False,4,61,122,10,0.0,False,10.1,38.0,False,5.3,91.47,True,80.03833333333334,10.224523809523802,6.073704097227106,False,0.0,False,Sunday,1,False
2022-01-31,11.6066666666667,180,False,0,25,145,10,5.4,False,18.4,72.0,False,2.7,92.35,False,80.11566666666667,10.392904761904745,6.174747786324415,False,0.0,False,Monday,1,False
2022-02-01,5.72666666666667,155,False,8,98,44,5,1.3,False,18.9,54.0,False,1.8,90.24,False,80.20377777777777,10.963365079365076,6.292318587650227,True,1.3,False,Tuesday,2,False
2022-02-02,10.6346153846154,163,False,16,133,8,6,2.0,False,14.4,42.6,False,5.7,91.43,False,80.30533333333332,10.968952380952388,6.380091612881683,False,0.0,False,Wednesday,2,False
2022-02-03,10.3406593406593,189,False,19,153,15,2,0.1,False,6.0,16.0,False,5.9,92.99,False,80.43066666666667,10.873619047619059,6.486906397254452,False,0.0,False,Thursday,2,False
2022-02-04,6.50490196078431,207,False,14,118,67,8,0.2,False,12.2,44.0,False,5.3,96.86,False,80.548,11.08342857142857,6.6176614559877995,False,0.0,False,Friday,2,False
2022-02-05,13.2983425414365,194,False,23,144,24,3,2.0,False,9.4,36.0,False,3.4,96.86,True,80.70833333333333,11.693095238095239,6.835007582416022,False,0.0,False,Saturday,2,False
2022-02-06,13.1020408163265,201,False,1,19,174,7,0.6,False,25.8,87.0,False,3.6,96.86,True,80.86866666666667,12.302761904761894,7.041961581927825,False,0.0,False,Sunday,2,False
2022-02-07,7.09770114942529,184,False,2,38,138,6,6.3,False,18.4,91.0,False,3.5,97.28,False,81.02022222222222,12.921206349206358,7.237206919454864,False,0.0,False,Monday,2,False
2022-02-08,4.24489795918367,152,False,13,131,5,3,0.0,False,7.4,18.0,False,2.6,96.07,False,81.162,13.48371428571427,7.428982448809406,False,0.0,False,Tuesday,2,False
2022-02-09,5.2638036809816,168,False,17,140,8,3,0.0,False,5.1,18.0,False,2.5,94.95,False,81.30822222222223,14.1703492063492,7.59150849952604,False,0.0,False,Wednesday,2,False
2022-02-10,8.20320855614973,194,False,15,118,58,3,0.0,False,9.4,35.0,False,4.4,96.37,False,81.43655555555556,14.544873015873009,7.723740893877421,False,0.0,False,Thursday,2,False
2022-02-11,8.5,218,False,16,161,37,4,9.7,False,7.7,35.0,False,4.6,97.5,False,81.58622222222222,14.87806349206349,7.881317345224014,False,0.0,False,Friday,2,False
2022-02-12,14.9715639810426,226,False,22,148,47,9,0.0,False,7.6,18.0,False,0.6,97.5,True,81.74844444444444,14.807269841269843,8.056962501096116,False,0.0,False,Saturday,2,False
2022-02-13,10.9665071770335,213,False,22,150,40,1,0.0,False,6.1,19.0,False,1.5,97.5,True,81.91066666666667,14.736476190476182,8.225624773921272,False,0.0,False,Sunday,2,False
2022-02-14,6.81318681318681,187,False,22,154,9,2,0.1,False,6.8,34.0,False,2.1,101.66,False,82.08355555555555,14.65501587301587,8.388164925148091,False,0.0,False,Monday,2,False
2022-02-15,9.07272727272727,172,False,9,114,46,3,0.4,False,11.0,34.0,False,4.7,98.43,False,82.29255555555555,15.071730158730176,8.638088578767338,False,0.0,False,Tuesday,2,False
2022-02-16,7.38456439393939,180,False,17,144,15,4,4.5,False,17.2,51.8,False,5.4,97.44,False,82.48988888888888,15.21153968253968,8.801911755369533,False,0.0,False,Wednesday,2,False
2022-02-17,10.0855614973262,190,False,0,1,181,8,5.8,False,28.2,82.0,False,10.3,95.28,False,82.65644444444445,15.400698412698418,8.94186119317458,False,0.0,False,Thursday,2,False
2022-02-18,14.0049019607843,213,False,15,123,68,7,0.8,False,17.4,77.0,False,9.9,96.18,False,82.82355555555556,15.077873015873024,9.036234215037409,False,0.0,False,Friday,2,False
2022-02-19,18.304932735426,234,False,12,101,112,9,1.5,False,12.6,57.0,False,4.9,96.18,True,83.00066666666666,14.712190476190486,9.140636985154865,False,0.0,False,Saturday,2,False
2022-02-20,14.648401826484,231,False,2,0,219,10,0.0,False,25.3,66.0,False,7.3,96.18,True,83.17777777777778,14.346507936507948,9.24042848583045,False,0.0,False,Sunday,2,False
2022-02-21,14.6391752577319,197,False,0,0,187,10,7.2,False,27.0,74.0,False,5.8,98.95,False,83.34677777777777,13.988936507936515,9.33816872403796,False,0.0,False,Monday,2,False
2022-02-22,3.9367816091954,175,False,13,153,8,1,1.7,False,17.7,45.0,False,6.1,98.73,False,83.51922222222223,13.429349206349201,9.48191741238184,False,0.0,False,Tuesday,2,False
2022-02-23,7.17751479289941,175,False,20,141,10,4,0.5,False,7.9,33.3,False,7.3,99.29,False,83.70100000000001,13.290428571428578,9.615515674439527,False,0.0,False,Wednesday,2,False
2022-02-24,9.35609756097561,212,False,14,101,94,3,0.0,False,13.0,54.0,False,5.4,101.29,False,83.89255555555556,13.363158730158716,9.752996262297216,False,0.0,False,Thursday,2,False
2022-02-25,13.6301369863014,225,False,3,74,136,12,0.9,False,12.6,59.0,False,3.5,98.56,False,84.21388888888889,13.90039682539684,9.84507641668849,False,0.0,False,Friday,2,False
2022-02-26,20.6181818181818,227,True,24,64,12,6,0.6,False,13.9,42.0,False,2.2,98.56,True,84.50488888888889,13.949396825396832,9.878067891466094,False,0.0,False,Saturday,2,False
2022-02-27,19.6455696202532,243,True,25,15,53,3,0.0,False,16.0,54.0,False,2.1,98.56,True,84.7958888888889,13.998396825396824,9.902305587214054,False,0.0,False,Sunday,2,False
2022-02-28,10.3419689119171,200,False,20,167,10,3,0.0,False,6.2,28.0,False,1.1,103.08,False,85.0761111111111,14.05817460317462,9.93128047623401,False,0.0,False,Monday,2,False
2022-03-01,9.12068965517241,181,False,17,155,5,4,0.0,True,5.7,33.0,False,1.4,110.93,False,85.43411111111111,14.29017460317462,9.993597376662734,False,0.0,False,Tuesday,3,False
2022-03-02,8.89285714285714,201,False,20,169,8,4,0.0,False,3.7,15.0,False,1.8,118.94,False,85.89411111111112,15.573031746031745,10.203911223505296,False,0.0,False,Wednesday,3,False
2022-03-03,9.39013452914798,231,False,21,196,10,4,0.0,False,6.2,20.0,False,4.7,115.36,False,86.43166666666666,17.842619047619067,10.65155548592137,False,0.0,False,Thursday,3,False
2022-03-04,9.47755102040816,258,False,29,212,15,2,0.0,False,12.7,33.3,False,3.0,123.86,False,86.92777777777778,19.35650793650794,10.946795619362023,False,0.0,False,Friday,3,False
2022-03-05,10.8317757009346,223,False,30,156,33,4,0.0,False,10.9,31.0,False,0.9,123.86,True,87.51833333333333,22.3802380952381,11.48260161669119,False,0.0,False,Saturday,3,False
2022-03-06,10.8666666666667,230,False,29,149,48,4,0.0,False,14.5,39.0,False,0.3,123.86,True,88.10888888888888,25.403968253968245,11.96505731304151,False,0.0,False,Sunday,3,False
2022-03-07,12.7355769230769,212,True,24,69,7,2,0.0,False,14.2,40.0,False,0.5,129.02,False,88.66977777777778,28.457365079365076,12.44058201407544,False,0.0,False,Monday,3,False
2022-03-08,7.89325842696629,184,False,17,159,7,1,0.0,False,8.9,28.0,False,0.0,133.18,False,89.264,31.56885714285714,13.067813430913645,False,0.0,False,Tuesday,3,False
2022-03-09,6.55882352941176,208,False,20,175,10,3,0.0,False,3.7,16.7,False,2.1,116.58,False,89.9,34.111428571428576,13.78527589352758,False,0.0,False,Wednesday,3,False
2022-03-10,9.1889400921659,224,False,25,188,10,1,0.0,False,7.6,32.0,False,3.7,114.54,False,90.372,33.302285714285716,13.964297509857726,False,0.0,False,Thursday,3,False
2022-03-11,9.90265486725664,238,False,28,192,13,5,0.0,False,6.4,32.0,False,4.0,118.11,False,90.81155555555556,32.74558730158729,14.096350863447485,False,0.0,False,Friday,3,False
2022-03-12,10.0478468899521,222,False,33,144,36,9,0.0,False,9.1,36.0,False,6.6,118.11,True,91.29077777777778,31.444936507936504,14.283970211612756,False,0.0,False,Saturday,3,False
2022-03-13,8.00446428571429,230,False,0,177,47,6,0.0,False,7.6,33.0,False,6.9,118.11,True,91.77,30.14428571428573,14.45309772013818,False,0.0,False,Sunday,3,False
2022-03-14,7.6,206,False,20,177,7,2,0.6,False,10.0,44.0,False,9.3,110.39,False,92.2587777777778,28.83407936507936,14.592657367703262,False,0.0,False,Monday,3,False
2022-03-15,6.76966292134831,181,False,13,160,6,2,2.0,False,7.2,23.0,False,6.6,105.14,False,92.67011111111111,25.76131746031747,14.575988604816436,False,0.0,False,Tuesday,3,False
2022-03-16,6.02525252525253,203,False,22,169,9,3,0.0,False,8.4,22.2,False,8.2,104.61,False,93.01933333333334,21.406380952380957,14.49289898187642,False,0.0,False,Wednesday,3,False
2022-03-17,6.54794520547945,229,False,25,189,13,2,0.0,False,9.9,37.0,False,8.9,113.5,False,93.35233333333335,19.363380952380936,14.409925734122279,False,0.0,False,Thursday,3,False
2022-03-18,10.831223628692,240,True,23,33,17,6,0.1,False,24.0,71.0,False,9.0,114.32,False,93.80266666666667,18.764476190476188,14.399097724541527,False,0.0,False,Friday,3,False
2022-03-19,15.0787037037037,220,True,27,13,42,4,0.0,False,21.2,72.0,False,8.1,114.32,True,94.26211111111111,17.763603174603162,14.386592657822783,False,0.0,False,Saturday,3,False
2022-03-20,12.4784482758621,241,False,27,159,52,3,0.0,True,6.5,23.0,False,7.3,114.32,True,94.72155555555557,16.76273015873015,14.359218619089603,False,0.0,False,Sunday,3,False
2022-03-21,9.03381642512077,208,False,24,173,7,4,0.0,False,10.4,40.0,False,7.6,122.29,False,95.20833333333333,15.734523809523807,14.271536475473988,False,0.0,False,Monday,3,False
2022-03-22,4.53977272727273,185,False,12,160,11,2,0.0,False,4.6,22.0,False,7.3,121.53,False,95.75766666666667,16.885190476190473,14.352541023115824,False,0.0,False,Tuesday,3,False
2022-03-23,5.58080808080808,202,False,19,172,8,3,0.0,False,4.6,20.4,False,7.8,127.52,False,96.27811111111112,18.706174603174603,14.42905253529022,False,0.0,False,Wednesday,3,False
2022-03-24,7.66666666666667,226,False,24,185,15,2,0.0,False,4.1,19.0,False,8.6,123.98,False,96.84766666666665,21.409476190476198,14.640147206388221,False,0.0,False,Thursday,3,False
2022-03-25,10.0873278236915,250,True,23,154,16,2,0.0,False,9.4,42.0,False,9.6,122.67,False,97.38922222222223,22.365063492063484,14.73305343210314,False,0.0,False,Friday,3,False
2022-03-26,9.31428571428571,217,True,33,76,40,6,0.0,False,15.9,45.0,False,11.4,122.67,True,97.91622222222222,23.030920634920633,14.780084123293516,False,0.0,False,Saturday,3,False
2022-03-27,13.0451127819549,280,False,25,189,59,7,0.0,False,6.6,22.2,False,10.8,122.67,True,98.44322222222222,23.696777777777783,14.808011711534279,False,0.0,False,Sunday,3,False
2022-03-28,9.47773279352227,256,False,23,213,18,2,0.0,False,6.2,25.0,False,10.2,114.5,False,98.97022222222222,24.36263492063493,14.816944216170757,False,0.0,False,Monday,3,False
2022-03-29,7.47085201793722,231,False,19,192,13,7,0.0,False,9.8,35.0,False,11.5,112.79,False,99.40644444444445,22.813555555555553,14.687818028963065,False,0.0,False,Tuesday,3,False
2022-03-30,7.03628257887517,257,False,20,201,30,6,8.8,False,7.7,30.0,False,9.9,115.59,False,99.786,21.18542857142856,14.585910224550574,False,0.0,False,Wednesday,3,False
2022-03-31,13.8598002496879,278,False,20,144,110,4,0.0,True,7.7,32.0,False,7.9,107.29,False,100.1968888888889,19.07025396825395,14.50330839005969,False,0.0,False,Thursday,3,False
2022-04-01,24.6881111111111,311,False,25,182,99,5,12.1,False,10.3,37.0,False,3.0,106.13,False,100.53077777777776,16.35207936507939,14.313523912859203,False,0.0,False,Friday,4,False
2022-04-02,28.2224,261,False,27,181,49,4,3.3,False,10.3,29.0,False,0.3,106.13,True,100.85177777777777,13.66822222222224,14.107798192407634,True,3.3,False,Saturday,4,False
2022-04-03,14.7118644067797,303,False,31,186,80,6,0.0,False,12.9,36.0,False,0.8,106.13,True,101.17277777777777,10.984365079365077,13.89152890589506,False,0.0,False,Sunday,4,False
2022-04-04,10.3444444444444,276,False,18,233,21,4,0.0,False,11.3,44.0,False,3.0,108.15,False,101.48255555555556,8.311730158730143,13.683920241328263,False,0.0,False,Monday,4,False
2022-04-05,11.4210526315789,230,False,20,191,16,3,0.0,False,11.5,32.0,False,7.5,106.6,False,101.80211111111112,7.085031746031746,13.496734644162212,False,0.0,False,Tuesday,4,False
2022-04-06,9.76061776061776,266,False,18,137,107,4,0.0,False,9.9,35.0,False,10.9,100.81,False,102.09100000000001,5.91185714285713,13.31484911119648,False,0.0,False,Wednesday,4,False
2022-04-07,18.0985224586288,288,False,0,7,265,16,0.0,True,28.9,89.0,False,10.3,99.83,False,102.30011111111111,3.5913174603174696,13.142280469635736,False,0.0,False,Thursday,4,False
2022-04-08,22.1255801687764,320,False,12,92,207,9,24.8,False,24.9,80.0,False,10.5,101.26,False,102.4951111111111,2.3306031746031977,12.970975831927854,False,0.0,False,Friday,4,False
2022-04-09,18.4052044609665,273,False,6,33,227,7,3.1,False,15.8,82.0,False,6.2,101.26,True,102.706,1.4240000000000066,12.791669146384251,False,0.0,False,Saturday,4,False
2022-04-10,17.1061643835616,296,False,32,179,80,5,0.1,False,6.4,33.0,False,5.5,101.26,True,102.91688888888889,0.5173968253968155,12.606245967901902,False,0.0,False,Sunday,4,False
2022-04-11,11.7785977859778,276,False,27,226,19,4,0.0,False,5.1,21.0,False,7.5,97.92,False,103.13577777777779,-0.3972063492063569,12.400601831877195,False,0.0,False,Monday,4,False
2022-04-12,9.37154150197628,261,False,25,215,19,2,0.0,False,4.8,15.0,False,11.3,104.42,False,103.27955555555556,-2.002412698412712,12.261971899185971,False,0.0,False,Tuesday,4,False
2022-04-13,12.5611510791367,287,False,41,217,26,3,0.0,False,5.7,25.0,False,14.9,108.49,False,103.48611111111111,-2.52039682539683,12.12048768760009,False,0.0,False,Wednesday,4,False
2022-04-14,15.9904458598726,324,False,25,207,89,3,0.0,False,8.4,30.0,False,15.4,110.83,False,103.73822222222223,-1.6753650793650792,11.983684468192802,False,0.0,False,Thursday,4,False
2022-04-15,15.8616352201258,328,False,38,201,83,6,2.1,False,10.1,36.0,False,15.7,110.83,True,104.00111111111111,-0.36682539682540494,11.87516580080048,False,0.0,True,Friday,4,False
2022-04-16,12.9615384615385,268,True,30,55,68,1,0.0,False,20.0,48.2,False,11.2,110.83,True,104.264,0.7374285714285804,11.759704842279204,False,0.0,False,Saturday,4,False
2022-04-17,19.041958041958,292,True,29,11,69,5,0.0,False,21.3,57.0,False,9.4,110.83,True,104.52688888888889,1.8416825396825232,11.637094954337897,False,0.0,False,Sunday,4,False
2022-04-18,10.9034482758621,295,False,31,188,73,3,0.0,False,9.5,32.0,False,9.3,110.83,True,104.78255555555556,2.9531587301587194,11.518076809769596,False,0.0,True,Monday,4,False
2022-04-19,10.2406015037594,271,False,23,222,21,5,0.0,False,5.6,42.0,False,10.9,105.49,False,105.027,4.5530000000000115,11.4086464795075,False,0.0,False,Tuesday,4,False
2022-04-20,11.9198473282443,265,True,31,96,25,3,0.0,False,15.8,41.0,False,11.1,105.05,False,105.20311111111111,4.529746031746029,11.290174374350592,False,0.0,False,Wednesday,4,False
2022-04-21,12.2732502965599,289,True,29,121,28,4,0.0,False,14.1,41.0,False,10.5,107.2,False,105.37311111111111,3.868317460317442,11.16942009543966,False,0.0,False,Thursday,4,False
2022-04-22,14.612569213732,317,False,36,241,35,5,0.0,False,10.8,38.0,False,10.5,105.15,False,105.56700000000001,3.155857142857144,11.04594678319045,False,0.0,False,Friday,4,False
2022-04-23,13.3627878787879,283,False,34,176,67,6,0.0,False,12.2,32.0,False,10.2,105.15,True,105.73811111111111,2.173317460317463,10.916698362306244,False,0.0,False,Saturday,4,False
2022-04-24,16.9276729559748,327,False,22,144,149,12,16.3,False,13.3,64.0,False,9.1,105.15,True,105.90922222222223,1.1907777777777682,10.783155843724936,False,0.0,False,Sunday,4,False
2022-04-25,12.0519031141868,296,False,27,227,35,7,3.9,False,9.3,32.0,False,10.5,99.27,False,106.10266666666668,0.18590476190475158,10.608292262145586,False,0.0,False,Monday,4,False
2022-04-26,11.3893129770992,267,False,21,215,24,7,0.0,True,8.8,42.0,False,9.1,102.89,False,106.21133333333331,-1.5741904761904522,10.485588740550137,False,0.0,False,Tuesday,4,False
2022-04-27,6.73703703703704,279,False,24,233,13,9,0.0,False,13.9,37.0,False,10.1,103.3,False,106.34100000000001,-2.0752857142857266,10.36963577854941,False,0.0,False,Wednesday,4,False
2022-04-28,12.8580858085808,314,True,22,183,28,9,0.0,False,13.0,44.0,False,11.6,105.78,False,106.481,-2.465285714285713,10.240344649440397,False,0.0,False,Thursday,4,False
2022-04-29,11.0864197530864,331,False,27,265,32,7,0.0,False,6.6,40.0,False,12.3,108.36,False,106.64,-2.82714285714286,10.11497976915099,False,0.0,False,Friday,4,False
2022-04-30,11.9037037037037,275,False,19,165,84,7,7.7,False,5.8,33.0,False,11.3,108.36,True,106.82766666666666,-2.5562380952380863,9.98622670020373,False,0.0,False,Saturday,4,False
2022-05-01,12.1487341772152,323,False,24,209,84,6,0.0,False,8.2,24.0,False,11.2,108.36,True,107.01533333333333,-2.2853333333333268,9.852177561160067,False,0.0,True,Sunday,5,False
2022-05-02,11.2368421052631,310,False,25,254,25,6,0.0,False,7.5,28.0,False,11.6,108.36,True,107.19322222222223,-2.0046507936507965,9.728164235263575,False,0.0,False,Monday,5,False
2022-05-03,9.0,268,False,19,230,13,6,2.2,False,6.0,43.0,False,12.2,104.94,False,107.39455555555554,-0.9074126984126849,9.559400592499866,False,0.0,False,Tuesday,5,False
2022-05-04,12.4160583941606,282,False,19,231,21,11,0.1,False,6.2,37.0,False,12.5,110.53,False,107.54466666666667,-0.7646666666666846,9.410811520965805,False,0.0,False,Wednesday,5,False
2022-05-05,11.0202702702703,302,False,17,229,49,7,23.9,False,6.9,31.0,False,12.0,112.11,False,107.73955555555557,0.07330158730158587,9.286813039437147,False,0.0,False,Thursday,5,False
2022-05-06,13.3957703927492,343,False,28,273,35,7,11.4,False,8.7,26.0,False,12.1,113.86,False,107.90899999999999,0.8081428571428688,9.224995240703807,False,0.0,False,Friday,5,False
2022-05-07,12.3228070175438,289,True,30,176,68,6,0.7,False,9.4,31.5,False,13.1,113.86,True,108.09788888888889,1.4049682539682493,9.170097164697012,False,0.0,False,Saturday,5,False
2022-05-08,12.3766233766234,312,False,29,204,70,9,0.0,False,11.9,36.0,False,14.5,113.86,True,108.28677777777777,2.0017936507936582,9.110909231723843,False,0.0,False,Sunday,5,False
2022-05-09,9.56040268456376,303,False,27,247,21,8,0.0,False,8.8,31.0,False,15.6,106.67,False,108.47100000000002,2.60328571428569,9.053293279988216,False,0.0,False,Monday,5,False
2022-05-10,7.08118081180812,280,False,14,243,17,6,0.0,False,5.3,23.0,False,16.8,102.61,False,108.58877777777778,2.244079365079358,8.958605783854344,False,0.0,False,Tuesday,5,False
2022-05-11,8.57191780821918,303,False,20,259,19,5,0.2,False,11.4,48.0,False,19.7,107.7,False,108.67388888888888,1.8261111111111177,8.86345643569777,False,0.0,False,Wednesday,5,False
2022-05-12,10.6946509009009,303,False,20,216,58,9,0.0,False,13.4,54.0,False,20.8,108.06,False,108.79977777777779,1.2959365079365028,8.76667143446968,False,0.0,False,Thursday,5,False
2022-05-13,15.49375,333,False,25,265,32,11,0.4,False,8.5,31.0,False,17.6,112.12,False,108.91711111111113,0.6000317460317319,8.684013627588422,False,0.0,False,Friday,5,False
2022-05-14,9.51063829787234,288,False,30,189,65,4,0.0,False,6.1,18.5,False,17.8,112.12,True,109.07955555555557,0.18901587301586176,8.60442098426173,False,0.0,False,Saturday,5,False
2022-05-15,13.7784810126582,320,False,33,201,80,6,0.0,False,5.9,21.0,False,18.4,112.12,True,109.242,-0.2220000000000084,8.520954105990777,False,0.0,False,Sunday,5,False
2022-05-16,22.9835526315789,313,False,12,137,147,17,0.0,True,10.5,37.0,False,19.5,114.86,False,109.35822222222222,-0.586793650793652,8.487646750766043,False,0.0,False,Monday,5,False
2022-05-17,9.82213438735178,267,False,22,221,20,4,0.0,False,9.6,26.0,False,18.9,112.89,False,109.54077777777778,0.40065079365079725,8.426427959242647,False,0.0,False,Tuesday,5,False
2022-05-18,8.02787456445993,295,False,33,238,19,5,0.0,False,10.1,34.0,False,20.2,110.04,False,109.71244444444446,1.6975555555555388,8.3340060522475,False,0.0,False,Wednesday,5,False
2022-05-19,20.35,311,False,27,238,38,8,0.0,False,8.7,41.0,False,20.9,113.22,False,109.87644444444443,1.8678412698412927,8.190803737586561,False,0.0,False,Thursday,5,False
2022-05-20,26.7899686520376,334,False,25,170,135,4,0.0,False,9.6,55.0,False,22.5,113.63,False,110.06577777777778,2.415650793650812,8.066650165581697,False,0.0,False,Friday,5,False
2022-05-21,22.4096774193548,315,False,21,112,172,10,1.0,False,11.1,39.0,False,20.0,113.63,True,110.25966666666667,2.437476190476204,7.937827717732418,False,0.0,False,Saturday,5,False
2022-05-22,19.42776203966,362,False,31,236,91,4,0.1,False,8.7,21.0,False,17.1,113.63,True,110.45355555555555,2.45930158730161,7.802008861322597,False,0.0,False,Sunday,5,True
2022-05-23,41.0154320987654,338,False,12,166,154,6,6.8,False,9.3,52.0,False,18.0,115.13,False,110.61666666666666,2.5119047619047876,7.711739919386947,False,0.0,False,Monday,5,True
2022-05-24,19.4405594405594,303,False,7,146,141,9,2.9,False,9.3,49.0,False,14.7,115.77,False,110.79888888888888,2.368253968253981,7.620936485029936,False,0.0,False,Tuesday,5,True
2022-05-25,22.2278929188256,410,False,33,330,40,7,1.3,False,6.4,23.0,False,15.7,116.41,False,110.98199999999999,2.596571428571451,7.538844455905266,False,0.0,False,Wednesday,5,True
2022-05-26,17.732782369146,388,False,16,149,212,11,0.0,False,8.2,33.0,False,16.6,119.81,False,111.15,3.338571428571413,7.488740462044444,False,0.0,True,Thursday,5,True
2022-05-27,16.5594855305466,319,False,5,60,241,13,0.0,False,12.2,41.0,False,16.2,121.19,False,111.3861111111111,4.043888888888887,7.422029113880337,False,0.0,False,Friday,5,False
2022-05-28,13.5070422535211,289,False,29,197,58,5,0.0,False,10.4,29.0,False,15.4,121.19,True,111.63755555555555,4.87244444444444,7.365739748826123,False,0.0,False,Saturday,5,False
2022-05-29,20.2235649546828,341,False,14,194,121,12,0.0,False,13.3,42.0,False,12.1,121.19,True,111.889,5.701000000000008,7.300264278731439,False,0.0,False,Sunday,5,False
2022-05-30,18.7814371257485,350,False,30,287,32,1,0.0,False,9.5,30.0,False,13.4,123.01,False,112.09022222222224,6.579777777777764,7.304315636413239,False,0.0,False,Monday,5,False
2022-05-31,14.1489361702128,299,False,22,251,22,4,0.3,False,10.1,50.0,False,14.5,125.53,False,112.22444444444446,7.5712698412698245,7.393204762089215,False,0.0,False,Tuesday,5,False
2022-06-01,14.4612903225806,316,False,30,249,28,9,2.2,False,7.0,28.0,False,14.9,122.2,False,112.29766666666666,8.892333333333326,7.492430644743299,False,0.0,False,Wednesday,6,False
2022-06-02,17.9588607594937,325,False,31,256,33,5,0.0,False,7.9,30.600212733677903,True,16.9,122.2,True,112.37366666666668,9.643476190476179,7.558244616667921,False,0.0,False,Thursday,6,False
2022-06-03,22.4147058823529,355,False,42,252,53,8,0.2,False,8.6,33.311623988560754,True,18.0,125.68,False,112.35522222222221,10.003349206349213,7.531878949628474,False,0.0,False,Friday,6,False
2022-06-04,24.8082191780822,306,False,42,190,67,7,2.9,False,8.1,31.374901663644433,True,20.6,125.68,True,112.37544444444444,10.62455555555556,7.56548329194477,False,0.0,False,Saturday,6,False
2022-06-05,36.8885245901639,319,False,34,141,139,5,15.6,False,10.8,41.83320221819258,True,18.9,125.68,True,112.39566666666667,11.245761904761906,7.5988846091625275,False,0.0,False,Sunday,6,False
2022-06-06,18.0285714285714,322,False,21,239,58,4,0.1,False,6.7,25.952079153878728,True,17.9,124.99,False,112.35855555555555,11.924301587301585,7.524575699876199,False,0.0,True,Monday,6,False
2022-06-07,16.2587412587412,303,False,23,249,20,11,7.4,False,7.9,30.600212733677903,True,16.3,126.89,False,112.26755555555556,12.298158730158733,7.316587175051883,False,0.0,False,Tuesday,6,False
2022-06-08,14.8187702265372,318,False,22,238,55,3,2.6,False,8.0,30.987557198661168,True,15.3,129.2,False,112.3821111111111,12.377888888888904,7.46409043721522,False,0.0,False,Wednesday,6,False
2022-06-09,16.7217125382263,337,False,4,149,171,13,1.5,False,12.3,47.64336919294155,True,14.8,128.47,False,112.54499999999999,13.215000000000003,7.668864857476858,False,0.0,False,Thursday,6,False
2022-06-10,14.3936781609195,359,False,34,280,38,7,0.0,False,8.5,32.92427952357749,True,15.4,127.44,False,112.6601111111111,13.995603174603161,7.829407470289596,False,0.0,False,Friday,6,False
2022-06-11,13.3311258278146,310,False,36,203,68,3,0.0,False,5.5,21.303945574079552,True,18.0,127.44,True,112.76377777777778,14.143365079365083,7.963006402188478,False,0.0,False,Saturday,6,False
2022-06-12,18.6036585365854,337,False,33,224,75,5,2.0,False,4.7,18.205189854213437,True,20.7,127.44,True,112.86744444444444,14.29112698412699,8.093057860325915,False,0.0,False,Sunday,6,False
2022-06-13,16.9939209726444,345,False,22,281,38,4,1.3,False,10.6,41.058513288226045,True,19.9,128.44,False,113.05688888888888,14.353111111111119,8.232763218520923,False,0.0,False,Monday,6,False
2022-06-14,15.8655737704918,325,False,30,265,23,7,0.0,False,10.0,31.5,False,18.4,127.02,False,113.31577777777778,14.587079365079347,8.346571384864742,False,0.0,False,Tuesday,6,False
2022-06-15,65.1209964412811,297,False,29,240,26,2,0.0,False,6.2,26.0,False,21.6,124.96,False,113.56477777777778,14.356650793650786,8.41790670658954,False,0.0,False,Wednesday,6,False
2022-06-16,23.2373417721519,344,False,8,87,224,25,0.7,False,11.4,44.0,False,24.1,125.78,False,113.6921111111111,13.62360317460319,8.503158896755183,False,0.0,False,Thursday,6,False
2022-06-17,21.2149253731343,342,False,30,265,28,19,0.0,False,7.0,22.0,False,22.2,119.22,False,113.81944444444444,13.111984126984126,8.597944536322856,False,0.0,False,Friday,6,False
2022-06-18,19.1875,310,False,42,194,66,8,0.0,False,7.8,37.0,False,23.3,119.22,True,113.87388888888889,11.883253968253968,8.616643510136077,False,0.0,False,Saturday,6,False
2022-06-19,25.0798816568047,350,False,38,228,73,11,0.0,False,8.2,32.0,False,26.7,119.22,True,113.92833333333334,10.654523809523809,8.634954864132999,False,0.0,False,Sunday,6,False
2022-06-20,31.4047619047619,349,False,2,78,257,12,0.0,False,10.2,40.0,False,25.4,118.25,False,113.89422222222221,9.514349206349209,8.60757257117453,False,0.0,False,Monday,6,False
2022-06-21,21.6931034482759,301,False,25,241,27,8,0.0,False,8.3,34.0,False,22.8,118.51,False,113.85777777777777,8.095079365079386,8.581784573555346,False,0.0,False,Tuesday,6,False
2022-06-22,18.3428571428571,320,False,32,255,28,5,4.2,False,9.1,34.0,False,19.5,115.54,False,113.75766666666667,6.9794761904762055,8.472473744327024,False,0.0,False,Wednesday,6,False
2022-06-23,24.655487804878,342,False,41,256,36,9,2.0,False,10.3,96.0,False,21.3,114.5,False,113.66388888888889,5.727539682539685,8.404492738396469,False,0.0,False,Thursday,6,False
2022-06-24,33.9601226993865,336,False,39,246,40,11,11.9,False,7.7,31.0,False,17.5,117.36,False,113.57311111111113,4.206888888888869,8.35007012611914,False,0.0,False,Friday,6,False
2022-06-25,28.7658227848101,323,False,33,245,30,15,0.0,False,7.3,24.0,False,18.7,117.36,True,113.51411111111112,4.0001746031745995,8.303702016481749,False,0.0,False,Saturday,6,False
2022-06-26,26.0854430379747,328,False,37,212,66,13,1.7,False,10.4,40.0,False,22.1,117.36,True,113.45511111111112,3.793460317460301,8.256647202177145,False,0.0,False,Sunday,6,False
2022-06-27,27.9848484848485,336,False,2,105,219,10,5.3,False,12.7,38.0,False,19.2,119.69,False,113.4868888888889,3.4959682539682433,8.266212078234098,False,0.0,False,Monday,6,False
2022-06-28,24.7294520547945,307,False,33,235,29,10,0.1,False,9.5,33.0,False,17.4,122.21,False,113.56355555555555,3.625015873015883,8.29163465147279,False,0.0,False,Tuesday,6,False
2022-06-29,17.744262295082,316,False,28,254,29,5,0.0,False,5.9,24.0,False,20.8,120.8,False,113.63711111111111,4.08003174603175,8.339041014630613,False,0.0,False,Wednesday,6,False
2022-06-30,25.485342019544,315,False,40,229,39,7,12.0,False,8.6,42.0,False,21.0,119.78,False,113.78722222222223,4.681349206349196,8.345097467843704,False,0.0,False,Thursday,6,False
2022-07-01,35.4360465116279,354,False,38,262,42,12,12.4,False,9.0,43.0,False,15.5,119.21,False,113.93888888888888,5.283968253968254,8.328392003159928,False,0.0,False,Friday,7,False
2022-07-02,26.7956656346749,332,False,46,205,77,4,0.0,False,9.8,33.0,False,18.6,119.21,True,114.08422222222222,5.402920634920633,8.304684609719532,False,0.0,False,Saturday,7,False
2022-07-03,20.0463768115942,355,False,43,231,74,7,0.0,False,6.5,27.0,False,22.3,119.21,True,114.22955555555555,5.521873015873027,8.27832962458487,False,0.0,False,Sunday,7,False
2022-07-04,27.5578034682081,357,False,39,277,36,5,7.6,False,7.9,42.0,False,20.3,121.8,False,114.35244444444444,5.663269841269823,8.269152546977807,False,0.0,False,Monday,7,False
2022-07-05,17.3438485804416,325,False,29,258,33,5,0.0,False,6.5,24.0,False,21.3,110.49,False,114.52133333333333,5.795809523809524,8.264258526253887,False,0.0,False,Tuesday,7,False
2022-07-06,18.9969040247678,335,False,28,263,40,4,0.0,False,9.4,32.0,False,19.8,108.54,False,114.6288888888889,4.013968253968244,8.145950320050146,False,0.0,False,Wednesday,7,False
2022-07-07,21.0542168674699,341,False,7,96,228,10,0.0,False,10.9,39.0,False,18.1,113.4,False,114.72566666666665,2.165761904761922,8.018905757680267,False,0.0,False,Thursday,7,False
2022-07-08,19.9917355371901,377,False,39,288,42,8,0.0,False,10.2,29.0,False,18.4,113.95,False,114.86055555555555,1.1194444444444542,7.890934403180767,False,0.0,False,Friday,7,False
2022-07-09,23.5521472392638,334,False,43,213,72,6,0.0,False,9.8,31.0,False,19.0,113.95,True,115.00155555555556,0.22701587301587267,7.757427743363389,False,0.0,False,Saturday,7,False
2022-07-10,20.1750741839763,344,False,35,217,85,7,0.0,False,9.8,35.0,False,19.2,113.95,True,115.14255555555556,-0.6654126984127089,7.618944537641766,False,0.0,False,Sunday,7,False
2022-07-11,26.9302325581395,351,False,47,264,38,2,0.0,False,14.9,48.0,False,18.6,114.85,False,115.32066666666665,-1.594952380952364,7.395907431922662,False,0.0,False,Monday,7,False
2022-07-12,17.9935897435897,316,False,44,233,29,10,0.0,False,12.8,34.0,False,20.7,106.98,False,115.43655555555554,-2.703698412698401,7.304330739571866,False,0.0,False,Tuesday,7,False
2022-07-13,15.0534591194968,324,False,42,244,30,8,0.0,False,5.1,31.0,False,22.6,107.17,False,115.41977777777777,-3.188349206349173,7.322178403949997,False,0.0,False,Wednesday,7,False
2022-07-14,22.3086419753086,330,False,30,163,127,10,0.0,False,11.5,45.0,False,26.4,107.74,False,115.3791111111111,-3.343396825396809,7.35803186381112,False,0.0,False,Thursday,7,False
2022-07-15,21.6487252124646,359,False,32,183,140,4,0.0,False,12.6,35.0,False,23.8,112.26,False,115.34477777777776,-4.117634920634899,7.386650459189066,False,0.0,False,Friday,7,False
2022-07-16,19.1945288753799,338,True,42,205,76,7,0.0,False,12.3,36.0,False,22.0,112.26,True,115.36066666666666,-4.374952380952379,7.378363266631554,False,0.0,False,Saturday,7,False
2022-07-17,26.4896142433234,344,True,47,154,83,5,0.0,False,12.4,37.0,False,22.0,112.26,True,115.37655555555556,-4.6322698412698315,7.37003211633105,False,0.0,False,Sunday,7,False
2022-07-18,23.6137724550898,344,True,46,242,33,8,0.0,False,8.9,32.0,False,23.2,117.27,False,115.39244444444444,-4.889587301587298,7.36165685904728,False,0.0,False,Monday,7,False
2022-07-19,17.9220779220779,311,False,54,221,28,8,0.0,False,7.4,26.0,False,25.2,114.96,False,115.52333333333334,-4.674761904761922,7.287969307647314,False,0.0,False,Tuesday,7,False
2022-07-20,30.0830670926517,320,False,37,150,127,6,13.3,False,9.9,83.0,False,24.2,115.86,False,115.63344444444445,-3.6448730158730314,7.20231363593379,False,0.0,False,Wednesday,7,False
2022-07-21,22.358024691358,327,False,36,247,40,4,0.3,False,7.6,32.0,False,22.9,112.81,False,115.72966666666667,-2.49966666666667,7.146005948166549,False,0.0,False,Thursday,7,False
2022-07-22,22.6565349544073,337,False,44,224,63,6,0.0,False,8.0,30.0,False,23.8,106.77,False,115.81477777777778,-1.8604920634920745,7.063725857064813,False,0.0,False,Friday,7,False
2022-07-23,24.3161094224924,339,False,46,216,74,3,6.8,False,8.5,39.0,False,22.1,106.77,True,115.83277777777779,-2.662777777777791,7.03826236659798,False,0.0,False,Saturday,7,False
2022-07-24,23.7636887608069,356,False,43,221,88,4,0.0,False,6.4,23.0,False,24.2,106.77,True,115.85077777777778,-3.465063492063493,7.012659696397215,False,0.0,False,Sunday,7,False
2022-07-25,21.1914893617021,331,False,12,119,184,16,0.1,False,11.9,48.0,False,25.5,108.23,False,115.93411111111112,-4.332682539682551,6.856229496513344,False,0.0,False,Monday,7,False
2022-07-26,15.7450331125828,306,False,25,152,125,4,0.7,False,11.2,33.0,False,22.7,107.32,False,115.99344444444445,-5.683444444444433,6.764571647600924,False,0.0,False,Tuesday,7,False
2022-07-27,18.8366013071895,314,False,40,233,39,2,0.0,False,7.4,22.2,False,21.3,109.64,False,116.03811111111112,-6.819539682539698,6.692705050006887,False,0.0,False,Wednesday,7,False
2022-07-28,23.2413793103448,326,False,45,258,20,3,0.2,False,8.6,33.0,False,21.5,109.68,False,116.08099999999999,-7.750999999999991,6.638376857588492,False,0.0,False,Thursday,7,False
2022-07-29,26.0872093023256,358,False,44,254,57,3,1.5,False,8.0,32.0,False,19.3,111.51,False,116.09566666666667,-8.212809523809526,6.622565959477951,False,0.0,False,Friday,7,False
2022-07-30,20.7401812688822,339,False,36,226,73,4,0.0,False,8.5,34.0,False,21.0,111.51,True,116.13066666666667,-7.5706666666666536,6.589465000192329,False,0.0,False,Saturday,7,False
2022-07-31,20.342776203966,364,False,42,230,88,4,0.0,False,9.7,34.0,False,22.9,111.51,True,116.16566666666667,-6.92852380952381,6.556007974506545,False,0.0,False,Sunday,7,False
2022-08-01,20.8189910979228,339,False,30,170,132,7,2.0,False,9.0,32.0,False,23.5,106.09,False,116.20066666666668,-6.286380952380966,6.5221894028567755,False,0.0,True,Monday,8,False
2022-08-02,16.4262820512821,321,False,37,245,26,13,0.0,False,5.9,23.0,False,22.8,106.51,False,116.21344444444445,-6.604873015873025,6.500972470228766,False,0.0,False,Tuesday,8,False
2022-08-03,14.787037037037,330,False,43,244,31,12,0.0,False,5.0,22.0,False,24.6,101.82,False,116.16877777777778,-6.6759206349206295,6.55405438079839,False,0.0,False,Wednesday,8,False
2022-08-04,14.3427672955975,326,False,46,236,36,8,0.0,False,5.9,32.0,False,27.0,97.99,False,116.05444444444446,-7.678730158730161,6.713468118809223,False,0.0,False,Thursday,8,False
2022-08-05,28.1690544412607,357,False,45,238,58,16,16.2,False,9.9,64.0,False,26.2,100.31,False,115.87811111111112,-9.172396825396845,6.975074707737729,False,0.0,False,Friday,8,False
2022-08-06,20.8237179487179,318,False,12,152,149,5,11.1,False,11.3,36.0,False,18.4,100.31,True,115.72755555555555,-10.62184126984127,7.162834526354132,False,0.0,False,Saturday,8,False
2022-08-07,19.9803370786517,367,False,41,226,90,10,0.0,False,11.3,36.0,False,18.2,100.31,True,115.57699999999998,-12.071285714285708,7.342675697897201,False,0.0,False,Sunday,8,False
2022-08-08,17.1768292682927,336,True,38,204,33,5,0.0,False,13.3,43.0,False,20.5,103.46,False,115.50633333333334,-13.600619047619048,7.459043293474597,False,0.0,False,Monday,8,False
2022-08-09,20.7594936708861,326,True,26,146,35,10,0.0,False,15.6,46.0,False,21.2,103.81,False,115.51577777777779,-13.985777777777784,7.443051805192364,False,0.0,False,Tuesday,8,False
2022-08-10,25.5096774193548,316,True,37,81,40,7,0.0,False,13.7,44.0,False,21.4,105.06,False,115.47255555555554,-14.32826984126983,7.500025102745892,False,0.0,False,Wednesday,8,False
2022-08-11,15.6707692307692,335,False,34,257,38,6,0.0,False,11.2,36.0,False,20.8,107.19,False,115.43922222222223,-13.832079365079366,7.539900489281041,False,0.0,False,Thursday,8,False
2022-08-12,22.8079096045198,358,True,29,98,50,11,0.0,False,13.8,41.0,False,21.2,103.7,False,115.38444444444443,-12.463015873015848,7.582076160351406,False,0.0,False,Friday,8,False
2022-08-13,22.306990881459,337,True,33,77,79,6,0.0,False,13.2,39.0,False,20.5,103.7,True,115.29088888888889,-11.88517460317459,7.674196608311328,False,0.0,False,Saturday,8,False
2022-08-14,21.5218658892128,350,False,34,213,95,8,0.0,False,7.9,42.0,False,20.0,103.7,True,115.19733333333333,-11.307333333333332,7.764084382084645,False,0.0,False,Sunday,8,False
2022-08-15,21.3333333333333,342,True,28,173,81,5,0.5,False,12.7,73.0,False,19.9,98.25,False,115.07333333333334,-10.699047619047619,7.85808150529225,False,0.0,False,Monday,8,False
2022-08-16,13.5382262996942,332,False,29,263,33,7,0.0,False,5.8,28.0,False,20.9,95.36,False,114.91066666666666,-11.280666666666647,8.052898675548303,False,0.0,False,Tuesday,8,False
2022-08-17,22.0650154798762,338,False,38,226,62,12,9.0,False,11.0,48.0,False,22.6,97.22,False,114.74755555555556,-12.32469841269841,8.29761537574749,False,0.0,False,Wednesday,8,False
2022-08-18,18.5969696969697,337,False,33,257,27,20,6.7,False,5.7,29.0,False,18.0,96.35,False,114.56977777777776,-13.266920634920595,8.499652865056484,False,0.0,False,Thursday,8,False
2022-08-19,20.9827586206897,357,False,31,271,47,8,11.1,False,7.7,28.0,False,17.8,96.45,False,114.37777777777778,-14.623492063492066,8.713597894364026,False,0.0,False,Friday,8,False
2022-08-20,20.9285714285714,343,False,35,234,72,2,5.8,False,8.0,24.1,False,18.1,96.45,True,114.18688888888889,-15.468317460317465,8.91599416834621,False,0.0,False,Saturday,8,False
2022-08-21,17.9173789173789,357,False,34,259,44,20,0.0,False,6.3,23.0,False,19.6,96.45,True,113.996,-16.31314285714285,9.109852895369773,False,0.0,False,Sunday,8,False
2022-08-22,15.3834355828221,330,False,35,262,28,5,0.0,False,7.4,35.0,False,19.7,95.06,False,113.78844444444445,-17.141301587301598,9.294650740319161,False,0.0,False,Monday,8,False
2022-08-23,13.6045751633987,314,False,35,242,26,11,0.0,False,8.6,36.0,False,19.8,99.49,False,113.55833333333334,-17.366904761904763,9.499154220185744,False,0.0,False,Tuesday,8,False
2022-08-24,19.448275862069,323,True,27,175,37,1,0.0,False,10.8,43.0,False,19.9,99.87,False,113.37033333333333,-16.588904761904757,9.608882179607019,False,0.0,False,Wednesday,8,False
2022-08-25,16.9970414201183,347,False,38,263,35,11,0.0,False,4.3,20.0,False,21.0,98.81,False,113.1487777777778,-15.988777777777813,9.688285968438304,False,0.0,False,Thursday,8,False
2022-08-26,25.5393258426966,355,False,31,191,125,8,1.2,False,7.8,42.0,False,20.8,101.13,False,112.90011111111112,-15.388682539682534,9.766470328841491,False,0.0,False,Friday,8,False
2022-08-27,23.3824451410658,338,False,36,223,73,6,6.3,False,6.4,33.0,False,19.1,101.13,True,112.67722222222223,-14.497222222222234,9.803985090662064,False,0.0,False,Saturday,8,False
2022-08-28,20.093567251462,349,False,36,204,97,12,0.0,False,9.8,33.0,False,19.6,101.13,True,112.45433333333332,-13.605761904761906,9.83625077587183,False,0.0,False,Sunday,8,False
2022-08-29,20.5821325648415,360,False,33,286,38,3,0.0,False,8.6,26.0,False,20.1,101.13,True,112.2112222222222,-12.694079365079347,9.842816330748303,False,0.0,False,Monday,8,False
2022-08-30,13.8646153846154,329,False,32,259,32,6,11.0,False,7.0,42.0,False,20.4,99.34,False,111.94011111111112,-11.555825396825412,9.807816476283394,False,0.0,False,Tuesday,8,False
2022-08-31,16.5882352941176,326,True,34,243,35,4,4.8,False,7.2,28.0,False,17.6,96.55,False,111.68611111111112,-11.323253968253965,9.835096258526326,False,0.0,False,Wednesday,8,False
2022-09-01,20.2615384615385,334,False,40,257,27,10,0.0,False,10.3,36.0,False,17.1,92.24,False,111.40111111111112,-11.512539682539682,9.898440059195684,False,0.0,False,Thursday,9,False
2022-09-02,23.028818443804,357,False,37,269,48,3,0.0,False,8.0,32.0,False,16.4,93.09,False,111.02955555555556,-12.079555555555558,9.983682182071204,False,0.0,False,Friday,9,False
2022-09-03,24.4043887147335,325,False,35,177,107,6,3.0,False,7.8,30.0,False,17.6,93.09,True,110.66744444444444,-12.866015873015868,10.037216651784165,False,0.0,False,Saturday,9,False
2022-09-04,20.1873111782477,340,False,39,216,80,5,0.0,False,5.5,17.0,False,18.7,93.09,True,110.30533333333332,-13.652476190476193,10.077317638464804,False,0.0,False,Sunday,9,False
2022-09-05,17.180981595092,335,False,31,268,32,4,0.0,False,4.6,18.0,False,19.0,94.22,False,109.95088888888888,-14.446603174603169,10.115945211180346,False,0.0,False,Monday,9,False
2022-09-06,25.2783171521035,326,False,34,257,25,10,9.9,False,5.6,46.0,False,17.9,91.43,False,109.58788888888888,-15.070746031746026,10.087397354162828,False,0.0,False,Tuesday,9,False
2022-09-07,26.7134328358209,346,False,34,287,20,5,6.1,False,8.9,34.0,False,19.7,86.83,False,109.16822222222221,-15.78107936507935,10.047902299695048,False,0.0,False,Wednesday,9,False
2022-09-08,21.5382352941176,350,False,24,195,115,16,16.4,False,9.7,41.0,False,17.7,87.99,False,108.70555555555555,-16.706984126984125,10.107646689412919,False,0.0,False,Thursday,9,False
2022-09-09,30.4107648725212,365,False,16,153,186,10,2.0,False,8.4,35.0,False,16.3,91.68,False,108.26722222222222,-16.87579365079364,10.141418581684537,False,0.0,False,Friday,9,False
2022-09-10,19.0650154798762,329,False,5,93,223,8,1.2,False,11.1,40.0,False,15.6,91.68,True,107.86988888888888,-16.679888888888897,10.082155166257959,False,0.0,False,Saturday,9,False
2022-09-11,22.945558739255,358,False,36,240,77,5,0.0,False,5.9,26.0,False,16.7,91.68,True,107.47255555555556,-16.483984126984126,10.006599795293546,False,0.0,False,Sunday,9,False
2022-09-12,16.214501510574,338,False,27,273,29,9,0.0,False,3.7,15.0,False,15.6,93.45,False,107.06411111111112,-16.276968253968263,9.890699398639871,False,0.0,False,Monday,9,False
2022-09-13,14.3554126473741,322,False,29,261,21,11,0.0,False,4.3,18.0,False,18.5,92.04,False,106.69111111111111,-16.013968253968258,9.761822615374166,False,0.0,False,Tuesday,9,False
2022-09-14,20.90625,326,False,31,221,68,6,16.9,False,11.2,45.0,False,20.9,92.83,False,106.32533333333335,-15.561047619047642,9.686057650509154,False,0.0,False,Wednesday,9,False
2022-09-15,24.1927710843373,338,False,35,261,32,10,13.0,False,10.8,38.0,False,17.2,89.28,False,105.95922222222222,-14.337793650793643,9.56440677284027,False,0.0,False,Thursday,9,False
2022-09-16,30.8975903614458,341,False,5,87,237,12,0.3,False,10.3,44.0,False,14.7,89.43,False,105.62655555555557,-13.820841269841281,9.618521010501642,False,0.0,False,Friday,9,False
2022-09-17,22.8354838709677,319,False,0,24,278,17,1.8,False,13.3,46.0,False,10.8,89.43,True,105.29555555555557,-13.811269841269834,9.65797418811138,False,0.0,False,Saturday,9,False
2022-09-18,23.0,355,False,25,130,189,11,0.0,False,12.6,33.3,False,11.7,89.43,True,104.96455555555555,-13.801698412698414,9.68583503690033,False,0.0,False,Sunday,9,False
2022-09-19,16.6891495601173,350,False,29,279,34,8,0.0,False,7.7,30.0,False,12.6,89.43,True,104.64433333333334,-13.802904761904756,9.718025190104433,False,0.0,False,Monday,9,False
2022-09-20,12.0326797385621,315,False,30,255,25,5,0.1,False,7.1,22.0,False,10.6,89.62,False,104.32122222222222,-14.05407936507936,9.735250650648913,False,0.0,False,Tuesday,9,False
2022-09-21,19.8030769230769,332,True,29,107,30,11,0.0,False,16.1,46.0,False,11.1,89.86,False,104.03322222222222,-14.111793650793658,9.782915838829027,False,0.0,False,Wednesday,9,False
2022-09-22,17.0771428571428,361,False,27,292,30,12,0.0,False,8.1,20.4,False,9.9,90.4,False,103.75944444444443,-14.262301587301565,9.831367635051063,False,0.0,False,Thursday,9,False
2022-09-23,18.6590909090909,359,False,27,283,40,9,0.0,False,5.2,33.0,False,11.8,84.29,False,103.4598888888889,-13.802746031746025,9.823034668567253,False,0.0,False,Friday,9,False
2022-09-24,18.6229508196721,309,False,34,200,68,7,8.7,False,6.0,23.0,False,13.5,84.29,True,103.09244444444444,-14.169587301587285,9.915320719411355,False,0.0,False,Saturday,9,False
2022-09-25,21.2372881355932,364,False,33,267,54,10,7.1,False,5.8,23.0,False,11.7,84.29,True,102.725,-14.536428571428559,9.993102368324834,False,0.0,False,Sunday,9,False
2022-09-26,14.7,329,False,27,263,33,6,4.2,False,7.3,48.0,False,11.8,82.55,False,102.33166666666668,-14.87738095238096,10.014506584691565,False,0.0,False,Monday,9,False
2022-09-27,16.126213592233,319,False,1,0,303,15,15.4,False,20.1,68.0,False,10.2,85.97,False,101.891,-15.41957142857143,10.00254451335121,False,0.0,False,Tuesday,9,False
2022-09-28,13.9426751592357,321,False,28,253,31,9,28.9,False,11.9,50.0,False,9.7,89.55,False,101.504,-15.553999999999988,9.936301936826133,False,0.0,False,Wednesday,9,False
2022-09-29,28.5545454545454,338,True,34,257,41,5,6.6,False,3.9,13.0,False,9.4,89.41,False,101.1681111111111,-15.262396825396806,9.8218459665056,False,0.0,False,Thursday,9,False
2022-09-30,21.0760869565217,381,False,41,294,39,7,0.2,False,6.4,19.0,False,10.7,88.9,False,100.837,-15.072714285714284,9.708438869401121,False,0.0,False,Friday,9,False
2022-10-01,20.9049079754601,334,False,36,212,83,3,13.4,False,16.4,53.0,False,10.0,88.9,True,100.50022222222222,-14.077365079365066,9.588912133559173,False,0.0,False,Saturday,10,False
2022-10-02,25.5542857142857,362,False,29,133,194,6,3.9,False,14.3,50.0,False,16.0,88.9,True,100.16344444444445,-13.08201587301589,9.455754821189673,False,0.0,False,Sunday,10,False
2022-10-03,15.6829268292683,335,False,28,222,79,6,6.1,False,8.9,26.0,False,12.9,90.68,False,99.79788888888888,-12.057888888888868,9.24346322257335,False,0.0,False,Monday,10,False
2022-10-04,13.4692556634304,316,False,28,253,31,4,0.0,False,4.7,17.0,False,10.1,93.74,False,99.57777777777778,-10.676349206349201,9.221833980967903,False,0.0,False,Tuesday,10,False
2022-10-05,10.5915032679738,317,False,31,251,16,19,0.3,False,5.8,33.0,False,13.1,94.35,False,99.41333333333334,-9.40190476190476,9.19213281115855,False,0.0,False,Wednesday,10,False
2022-10-06,13.1165644171779,333,False,34,259,36,4,0.0,False,8.3,20.0,False,14.1,95.65,False,99.20166666666668,-8.504523809523832,9.085153001253191,False,0.0,False,Thursday,10,False
2022-10-07,15.0082644628099,372,False,31,287,43,11,0.0,False,4.9,18.0,False,14.4,98.88,False,98.99833333333333,-7.409761904761908,8.955219713237621,False,0.0,False,Friday,10,False
2022-10-08,15.4967380224261,336,False,31,218,80,7,0.0,False,5.5,26.0,False,13.5,98.88,True,98.83088888888888,-5.816603174603159,8.812260820812822,False,0.0,False,Saturday,10,False
2022-10-09,13.4763231197771,370,False,30,247,87,6,0.0,False,8.7,25.0,False,11.0,98.88,True,98.66344444444445,-4.223444444444439,8.66367220596352,False,0.0,False,Sunday,10,False
2022-10-10,9.8359133126935,330,False,32,257,34,7,0.0,False,5.6,21.0,False,13.7,97.13,False,98.486,-2.6202857142857283,8.490231505161464,False,0.0,False,Monday,10,False
2022-10-11,9.58823529411765,315,False,29,252,28,6,0.0,False,9.9,32.0,False,14.5,95.17,False,98.37655555555557,-1.5894126984127155,8.442862441420234,False,0.0,False,Tuesday,10,False
2022-10-12,14.993690851735,324,False,31,254,33,6,0.0,False,7.2,17.0,False,13.3,93.44,False,98.24322222222223,-1.2517936507936724,8.397062598739007,False,0.0,False,Wednesday,10,False
2022-10-13,13.6238244514106,330,False,26,265,31,8,1.6,False,6.2,24.0,False,14.0,95.16,False,98.08433333333333,-1.222904761904772,8.350508838697735,False,0.0,False,Thursday,10,False
2022-10-14,20.9860724233983,374,False,38,291,37,8,7.2,False,7.1,32.0,False,13.5,92.22,False,97.89433333333334,-1.1029047619047674,8.217829349255414,False,0.0,False,Friday,10,False
2022-10-15,21.8606811145511,329,False,33,215,69,12,11.9,False,12.6,49.0,False,15.9,92.22,True,97.67166666666668,-1.8316666666666777,8.094786399524892,False,0.0,False,Saturday,10,False
2022-10-16,19.4245014245014,358,False,36,236,77,9,0.0,False,4.5,15.0,False,15.0,92.22,True,97.449,-2.5604285714285595,7.96355068033116,False,0.0,False,Sunday,10,False
2022-10-17,15.834375,327,False,28,262,22,15,0.0,False,3.8,19.0,False,14.0,91.04,False,97.17066666666668,-3.233523809523831,7.696279971080777,False,0.0,False,Monday,10,False
2022-10-18,13.11,310,False,27,251,27,5,0.0,False,6.0,23.0,False,15.2,89.46,False,96.90488888888889,-3.837746031746036,7.485176248470203,False,0.0,False,Tuesday,10,False
2022-10-19,12.9501661129568,309,False,28,243,34,4,0.0,False,9.1,27.0,False,13.5,91.34,False,96.61155555555557,-4.3601269841269925,7.247522616033252,False,0.0,False,Wednesday,10,False
2022-10-20,15.259375,334,False,32,255,39,8,0.7,False,5.6,21.0,False,14.9,91.52,False,96.37299999999999,-4.421571428571426,7.059254735149544,False,0.0,False,Thursday,10,False
2022-10-21,17.307917888563,350,False,39,261,40,10,6.2,False,6.4,25.0,False,14.4,91.82,False,96.20355555555555,-4.772126984126984,6.989569968143712,False,0.0,False,Friday,10,False
2022-10-22,14.1152647975078,326,False,36,210,76,4,13.9,False,6.3,22.0,False,14.9,91.82,True,96.03744444444443,-4.663158730158713,6.912857514352068,False,0.0,False,Saturday,10,False
2022-10-23,24.9347181008902,357,False,36,259,44,18,0.3,False,6.4,24.0,False,12.0,91.82,True,95.87133333333334,-4.554190476190499,6.831200759765869,False,0.0,False,Sunday,10,False
2022-10-24,18.1140939597315,315,False,22,218,67,8,16.8,False,8.6,58.0,False,13.7,91.57,False,95.68900000000001,-4.429000000000002,6.715650520248465,False,0.0,False,Monday,10,False
2022-10-25,13.1384083044983,304,False,28,247,23,6,0.3,False,5.2,17.0,False,12.8,91.76,False,95.514,-4.178285714285721,6.613593729771513,False,0.0,False,Tuesday,10,False
2022-10-26,10.672131147541,313,False,30,247,31,5,4.3,False,7.4,48.0,False,14.6,92.93,False,95.31533333333334,-3.651047619047631,6.451045416542449,False,0.0,False,Wednesday,10,False
2022-10-27,16.776397515528,331,False,32,259,28,12,0.1,False,3.2,12.0,False,12.0,94.17,False,95.12922222222224,-3.2377936507936624,6.2710782951396435,False,0.0,False,Thursday,10,False
2022-10-28,12.6374269005848,351,False,34,271,32,14,0.2,False,3.3,12.0,False,12.8,94.64,False,94.93655555555557,-2.6665555555555756,6.023643520405664,False,0.0,False,Friday,10,False
2022-10-29,13.0170068027211,302,False,33,198,62,9,0.0,False,3.5,12.0,False,12.9,94.64,True,94.7491111111111,-2.0762539682539796,5.758772232686963,False,0.0,False,Saturday,10,False
2022-10-30,20.7045454545454,323,False,31,255,21,16,0.1,False,3.6,13.0,False,11.2,94.64,True,94.56166666666665,-1.4859523809523694,5.474629996219561,False,0.0,False,Sunday,10,False
2022-10-31,15.6332179930796,293,False,32,240,16,5,0.1,False,3.8,13.0,False,10.0,93.3,False,94.43444444444442,-0.9558730158729958,5.334977883153241,False,0.0,False,Monday,10,False
2022-11-01,9.62737642585551,266,False,31,169,62,4,0.2,False,7.7,32.0,False,12.3,95.12,False,94.28766666666667,-0.561952380952377,5.178440624683478,False,0.0,False,Tuesday,11,False
2022-11-02,9.71428571428571,290,False,30,234,22,4,0.1,False,4.9,25.0,False,10.5,96.07,False,94.21322222222221,-0.007507936507920476,5.116731714015298,False,0.0,False,Wednesday,11,False
2022-11-03,10.6608391608392,291,False,32,238,16,5,5.4,False,6.7,48.0,False,7.7,95.29,False,94.1918888888889,0.4623968253968087,5.1047967956223,False,0.0,False,Thursday,11,False
2022-11-04,12.8745762711864,304,False,29,231,37,7,1.2,False,9.2,34.0,False,9.0,99.53,False,94.1361111111111,0.678174603174611,5.064462147301493,False,0.0,False,Friday,11,False
2022-11-05,10.0981132075472,271,False,30,187,46,8,3.7,False,7.5,23.0,False,6.9,99.53,True,94.12744444444446,1.3854126984126793,5.054435711535849,False,0.0,False,Saturday,11,False
2022-11-06,12.1058020477816,298,False,31,224,33,10,0.1,False,4.6,19.0,False,5.2,99.53,True,94.11877777777777,2.0926507936508045,5.044374289496744,False,0.0,False,Sunday,11,False
2022-11-07,9.73702422145329,300,False,27,251,16,6,0.0,False,8.6,30.0,False,9.0,99.87,False,94.07511111111111,2.8348888888888837,4.979192264363227,False,0.0,False,Monday,11,False
2022-11-08,6.54022988505747,264,False,28,222,13,1,0.0,False,5.5,22.0,False,7.0,96.85,False,94.03133333333335,3.817238095238082,4.909472430981079,False,0.0,False,Tuesday,11,False
2022-11-09,11.5178571428571,283,False,28,227,23,5,13.2,False,5.2,20.0,False,9.3,93.05,False,93.9401111111111,4.155603174603186,4.776727640739969,False,0.0,False,Wednesday,11,False
2022-11-10,10.8273381294964,285,False,29,234,17,5,15.9,False,5.5,18.0,False,9.1,94.25,False,93.78300000000002,3.8812857142856956,4.563823906735109,False,0.0,False,Thursday,11,False
2022-11-11,13.03300330033,314,False,26,256,25,7,0.0,False,4.5,15.0,False,8.0,96.37,False,93.67800000000001,3.83771428571427,4.440131640927507,False,0.0,False,Friday,11,False
2022-11-12,10.375,268,False,30,183,47,8,0.0,False,5.8,19.0,False,7.4,96.37,True,93.59655555555554,3.467730158730177,4.319831239190105,False,0.0,False,Saturday,11,False
2022-11-13,13.8976109215017,305,False,32,207,59,7,0.1,False,7.4,26.0,False,5.8,96.37,True,93.51511111111111,3.0977460317460412,4.194484405230211,False,0.0,False,Sunday,11,False
2022-11-14,15.6070175438596,289,False,30,235,17,7,3.7,False,6.5,19.0,False,7.4,93.59,False,93.49422222222222,2.667206349206353,4.175276611378543,False,0.0,False,Monday,11,False
2022-11-15,7.93385214007782,260,False,28,214,13,5,0.1,False,5.6,19.0,False,7.0,94.3,False,93.47455555555554,1.7897301587301655,4.170555472154602,False,0.0,False,Tuesday,11,False
2022-11-16,9.68953068592058,289,False,27,240,14,8,3.1,False,7.5,25.0,False,9.2,92.61,False,93.44211111111112,1.4578888888888883,4.152409208484661,False,0.0,False,Wednesday,11,False
2022-11-17,14.4947735191638,295,False,10,100,179,6,13.1,False,13.3,60.0,False,10.0,91.0,False,93.40055555555554,1.4365873015873234,4.141681621537788,False,0.0,False,Thursday,11,False
2022-11-18,14.7980132450331,308,False,8,133,155,12,17.9,False,11.3,38.0,False,7.3,88.93,False,93.33999999999999,1.0328571428571536,4.136433626455166,False,0.0,False,Friday,11,False
2022-11-19,10.2470119521912,254,False,26,175,46,7,0.2,False,6.0,24.0,False,6.4,88.93,True,93.25644444444444,0.053555555555547585,4.148839098792222,False,0.0,False,Saturday,11,False
2022-11-20,9.84042553191489,287,False,28,196,53,10,3.1,False,10.4,47.0,False,5.4,88.93,True,93.17288888888888,-0.9257460317460158,4.159510624965714,False,0.0,False,Sunday,11,False
2022-11-21,14.7060931899641,284,False,29,190,60,5,1.2,False,13.4,59.0,False,6.8,88.44,False,93.10477777777778,-1.9204920634920768,4.178408177031574,False,0.0,False,Monday,11,False
2022-11-22,9.61603375527426,244,False,23,198,20,3,1.4,False,12.1,39.0,False,6.3,88.65,False,92.98200000000001,-2.5334285714285727,4.150933075015803,False,0.0,False,Tuesday,11,False
2022-11-23,7.875,262,False,27,214,16,5,4.0,False,8.1,41.0,False,5.4,85.9,False,92.85733333333333,-3.2159047619047527,4.110024412842222,False,0.0,False,Wednesday,11,False
2022-11-24,9.6044776119403,276,False,27,223,22,4,2.2,False,13.5,45.0,False,6.9,85.59,False,92.71388888888889,-4.0310317460317435,4.125194089937128,False,0.0,False,Thursday,11,False
2022-11-25,11.5228758169935,312,False,27,256,22,7,0.4,False,5.1,22.0,False,4.7,83.4,False,92.54122222222222,-4.63122222222222,4.094074596779696,False,0.0,False,Friday,11,False
2022-11-26,6.8595041322314,248,False,23,178,42,5,0.0,False,5.0,16.0,False,4.6,83.4,True,92.34422222222221,-5.22422222222221,4.102713264394622,False,0.0,False,Saturday,11,False
2022-11-27,11.0181818181818,283,False,27,215,34,7,0.0,False,5.3,16.0,False,3.2,83.4,True,92.14722222222223,-5.817222222222227,4.101777095762612,False,0.0,False,Sunday,11,False
2022-11-28,9.36200716845878,285,False,26,235,18,6,0.0,False,4.2,24.0,False,5.0,83.5,False,91.95022222222222,-6.410222222222217,4.091259518100315,False,0.0,False,Monday,11,False
2022-11-29,6.86,256,False,25,217,12,2,4.9,False,4.1,15.0,False,6.5,83.22,False,91.77422222222222,-6.939936507936508,4.110452004390943,False,0.0,False,Tuesday,11,False
2022-11-30,10.8653846153846,266,False,25,215,20,6,1.1,False,11.1,32.0,False,4.8,85.61,False,91.62611111111111,-7.567539682539675,4.176068710540826,False,0.0,False,Wednesday,11,False
2022-12-01,15.0214285714286,286,False,22,239,22,3,0.0,False,9.5,32.0,False,3.3,86.28,False,91.55244444444443,-7.535301587301575,4.223327755259075,False,0.0,False,Thursday,12,False
2022-12-02,12.7534722222222,301,False,23,248,24,6,0.0,False,5.9,16.0,False,2.6,86.54,False,91.47677777777777,-7.361063492063479,4.256346966663587,False,0.0,False,Friday,12,False
2022-12-03,10.2016129032258,252,False,28,173,46,5,0.0,False,14.0,36.0,False,1.4,86.54,True,91.40400000000001,-6.839714285714294,4.284359010964602,False,0.0,False,Saturday,12,False
2022-12-04,12.2867132867133,292,False,25,204,54,9,0.3,False,8.3,44.0,False,1.4,86.54,True,91.33122222222222,-6.31836507936508,4.310946825737268,True,0.3,False,Sunday,12,False
2022-12-05,11.7904411764706,281,False,23,237,16,5,0.0,False,6.9,21.0,False,3.7,83.36,False,91.24588888888889,-5.784460317460315,4.329095163118731,False,0.0,False,Monday,12,False
2022-12-06,7.072,255,False,23,216,13,3,0.0,False,4.8,19.0,False,1.7,79.92,False,91.15622222222221,-5.714793650793638,4.408093317029216,False,0.0,False,Tuesday,12,False
2022-12-07,10.7878787878788,270,False,21,219,26,4,0.1,False,3.1,13.0,False,1.4,77.11,False,91.07944444444443,-6.109444444444435,4.5424223506283345,True,0.1,False,Wednesday,12,False
2022-12-08,14.1228070175439,292,False,24,246,18,4,0.0,False,4.3,14.0,False,-0.2,76.02,False,90.95855555555555,-7.202841269841272,4.7648949340815685,False,0.0,False,Thursday,12,False
2022-12-09,40.5067567567567,300,False,27,249,20,4,3.3,False,6.9,15.0,False,-0.1,76.37,False,90.78455555555556,-8.494555555555564,5.017487432702809,True,3.3,False,Friday,12,False
2022-12-10,46.665306122449,248,False,28,149,64,7,4.6,False,6.9,18.5,False,0.0,76.37,True,90.61444444444444,-9.77730158730158,5.241326942183511,True,4.6,False,Saturday,12,False
2022-12-11,38.3254237288136,302,False,32,198,67,5,0.0,False,5.2,14.8,False,-5.2,76.37,True,90.44433333333333,-11.060047619047609,5.450624755449733,False,0.0,False,Sunday,12,False
2022-12-12,26.8703703703704,278,False,25,225,25,3,0.0,False,5.8,18.5,False,-5.1,78.0,False,90.25455555555556,-12.323126984126986,5.638889874233691,False,0.0,False,Monday,12,False
2022-12-13,25.4552529182879,262,False,28,211,21,2,0.5,False,9.9,23.0,False,-5.8,80.14,False,90.09855555555555,-12.932841269841248,5.781349432522332,True,0.5,False,Tuesday,12,False
2022-12-14,34.3882783882784,278,False,32,216,23,7,9.5,False,5.7,22.2,False,-0.6,83.33,False,89.95755555555556,-12.760412698412708,5.868080541237862,True,9.5,False,Wednesday,12,False
2022-12-15,27.5663082437276,288,False,27,230,23,8,3.3,False,9.7,24.1,False,1.3,82.34,False,89.89144444444445,-11.805730158730157,5.9091729418279835,True,3.3,False,Thursday,12,False
2022-12-16,54.8215488215488,313,False,42,238,26,7,4.0,False,7.6,16.7,False,-0.8,80.2,False,89.81266666666667,-10.82409523809524,5.962413884145014,True,4.0,False,Friday,12,False
2022-12-17,32.9384057971014,284,False,27,176,75,6,0.0,False,9.3,20.0,False,-3.4,80.2,True,89.7101111111111,-10.174396825396812,6.047837480435909,False,0.0,False,Saturday,12,False
2022-12-18,19.2323943661972,292,False,25,196,67,4,0.0,False,5.0,14.8,False,-2.3,80.2,True,89.60755555555555,-9.524698412698399,6.130336484910908,False,0.0,False,Sunday,12,False
2022-12-19,19.1083032490975,285,False,26,235,19,5,0.0,False,3.5,13.0,False,-0.7,81.66,False,89.50500000000001,-8.875000000000014,6.210027456560767,False,0.0,False,Monday,12,False
2022-12-20,15.3256704980843,269,False,28,220,15,6,0.0,False,4.6,17.0,False,1.1,79.45,False,89.41655555555556,-8.263698412698417,6.2648134850528105,False,0.0,False,Tuesday,12,False
2022-12-21,16.2061855670103,296,False,38,228,27,3,6.6,False,8.6,28.0,False,6.9,80.25,False,89.30088888888889,-8.24660317460318,6.352026597679725,False,0.0,False,Wednesday,12,False
2022-12-22,27.2307692307692,318,False,1,0,306,11,1.0,False,22.3,77.0,False,9.9,79.58,False,89.18811111111111,-8.573825396825399,6.422012162261719,False,0.0,False,Thursday,12,False
2022-12-23,24.990625,333,False,35,204,89,5,21.8,False,23.2,64.0,False,11.6,82.45,False,89.13577777777778,-8.915777777777777,6.4812930423355315,False,0.0,False,Friday,12,False
2022-12-24,15.8433734939759,257,False,37,169,44,7,1.4,False,9.0,42.6,False,9.1,82.45,True,89.11533333333334,-8.573904761904771,6.499626298678614,False,0.0,False,Saturday,12,False
2022-12-25,20.7375,242,False,40,192,2,8,0.1,False,5.8,22.0,False,6.6,82.45,True,89.09488888888889,-8.232031746031751,6.517843140257482,False,0.0,True,Sunday,12,False
2022-12-26,26.8472222222222,293,False,11,101,177,4,10.7,False,13.1,52.0,False,8.2,82.45,True,89.09377777777779,-7.909492063492081,6.518979822609768,False,0.0,True,Monday,12,False
2022-12-27,18.4645669291338,259,False,34,206,16,3,0.7,False,7.6,33.0,False,5.6,82.45,True,89.05466666666666,-7.7575238095238035,6.5484244953110124,False,0.0,False,Tuesday,12,False
2022-12-28,15.3759398496241,278,False,35,213,24,6,0.0,False,12.4,37.0,False,4.5,81.7,False,88.97577777777778,-7.250063492063504,6.585054576105648,False,0.0,False,Wednesday,12,False
2022-12-29,15.6222222222222,276,False,31,223,19,3,7.1,False,15.4,53.0,False,8.6,80.96,False,88.89011111111111,-6.957253968253966,6.629343942737767,False,0.0,False,Thursday,12,False
2022-12-30,13.5189003436426,293,False,28,234,25,6,9.9,False,9.1,33.0,False,6.7,82.82,False,88.8018888888889,-6.671888888888901,6.681835160426659,False,0.0,False,Friday,12,False
2022-12-31,12.7838983050847,240,False,33,171,31,5,0.2,False,13.0,31.0,False,11.4,82.82,True,88.73433333333332,-6.55147619047618,6.7115016237014125,False,0.0,False,Saturday,12,False
2023-01-01,14.8684210526316,270,False,29,169,63,9,0.0,False,13.3,46.0,False,11.9,82.82,True,88.66677777777778,-6.431063492063501,6.7403528777325485,False,0.0,True,Sunday,1,False
2023-01-02,21.0939597315436,305,False,33,245,22,5,1.6,False,7.0,25.0,False,7.7,82.82,True,88.57944444444443,-6.290873015873004,6.764850557010079,False,0.0,True,Monday,1,False
2023-01-03,12.8893280632411,259,False,26,216,15,2,4.4,False,3.1,13.0,False,7.1,80.36,False,88.45811111111111,-6.116682539682543,6.7691799736458815,False,0.0,False,Tuesday,1,False
2023-01-04,11.7358490566038,270,False,25,216,20,9,0.0,False,12.8,48.0,False,7.5,75.31,False,88.30266666666668,-6.259809523809551,6.792949385084333,False,0.0,False,Wednesday,1,False
2023-01-05,14.4407407407407,277,False,4,76,190,7,1.8,False,16.3,55.0,False,9.7,76.73,False,88.07666666666667,-6.9466666666666725,6.883508708125134,False,0.0,False,Thursday,1,False
2023-01-06,13.0264900662252,308,False,26,232,37,13,0.0,False,6.6,23.0,False,6.5,76.41,False,87.83055555555555,-7.304841269841276,6.888879715370063,False,0.0,False,Friday,1,False
2023-01-07,12.7555555555555,274,False,28,196,45,5,0.0,False,7.6,22.0,False,6.6,76.41,True,87.5808888888889,-7.970888888888894,6.8911047767174916,False,0.0,False,Saturday,1,False
2023-01-08,16.3276450511945,301,False,30,206,62,3,5.3,False,5.6,17.0,False,4.6,76.41,True,87.33122222222222,-8.636936507936525,6.88417886999682,False,0.0,False,Sunday,1,False
2023-01-09,10.2272727272727,270,False,0,0,260,10,14.7,False,18.2,58.0,False,5.3,77.5,False,87.101,-9.32242857142856,6.899248949517559,False,0.0,False,Monday,1,False
2023-01-10,5.96491228070175,232,False,24,159,46,3,1.3,False,12.8,41.0,False,4.5,78.4,False,86.90466666666667,-9.886095238095237,6.918440462052828,False,0.0,False,Tuesday,1,False
2023-01-11,10.4444444444444,238,False,25,185,24,4,4.3,False,14.0,37.0,False,6.4,81.11,False,86.73755555555556,-9.998984126984126,6.940415962522525,False,0.0,False,Wednesday,1,False
2023-01-12,7.49606299212598,258,False,0,0,251,7,0.0,False,19.0,61.0,False,7.0,82.59,False,86.58144444444444,-9.014301587301588,6.906773025116575,False,0.0,False,Thursday,1,False
2023-01-13,11.3663003663004,279,False,4,57,207,11,4.7,False,19.1,61.0,False,7.1,83.43,False,86.47444444444444,-8.070158730158724,6.89301928449595,False,0.0,False,Friday,1,False
2023-01-14,9.70517928286853,259,False,27,178,46,8,0.3,False,13.7,51.0,False,6.9,83.43,True,86.37677777777779,-6.969634920634931,6.872939417905623,False,0.0,False,Saturday,1,False
2023-01-15,14.578947368421,293,False,5,83,194,11,3.6,False,20.1,63.0,False,6.0,83.43,True,86.2791111111111,-5.86911111111111,6.851392976457879,False,0.0,False,Sunday,1,False
2023-01-16,17.6849315068493,301,False,22,192,81,6,1.0,False,13.0,64.0,False,1.6,82.65,False,86.19455555555555,-4.78169841269839,6.838924477028575,True,1.0,False,Monday,1,True
2023-01-17,13.1451612903226,256,False,21,204,27,4,0.9,False,5.8,29.6,False,0.4,84.38,False,86.11888888888889,-3.970317460317446,6.840062494695466,True,0.9,False,Tuesday,1,True
2023-01-18,14.3426294820717,267,False,24,213,23,7,0.3,False,9.4,33.0,False,0.7,83.78,False,86.04155555555555,-3.038698412698409,6.8196839873922235,True,0.3,False,Wednesday,1,True
2023-01-19,19.0584192439863,304,False,23,257,21,3,0.0,False,6.5,27.0,False,-1.8,85.08,False,85.95555555555556,-2.5712698412698387,6.798591742993097,False,0.0,False,Thursday,1,True
2023-01-20,19.1714285714286,372,False,28,315,28,1,0.0,False,6.0,19.0,False,-3.4,86.96,False,85.88066666666667,-2.140666666666661,6.770329983825858,False,0.0,False,Friday,1,True
2023-01-21,25.7905982905983,238,True,30,134,58,6,0.0,False,11.2,45.0,False,-3.9,86.96,True,85.82666666666667,-1.5823809523809444,6.741747014609239,False,0.0,False,Saturday,1,False
2023-01-22,17.5818181818182,284,False,27,177,75,5,0.0,False,9.4,27.0,False,-1.4,86.96,True,85.77266666666668,-1.0240952380952564,6.712603071834641,False,0.0,False,Sunday,1,False
2023-01-23,17.0323886639676,253,True,23,0,16,5,0.0,False,17.9,59.0,False,-0.1,87.54,False,85.72144444444444,-0.46858730158730566,6.685401765529555,False,0.0,False,Monday,1,False
2023-01-24,5.62790697674419,217,False,24,177,16,0,0.0,False,11.7,45.0,False,2.0,85.25,False,85.67455555555557,0.27687301587300794,6.657313484729515,False,0.0,False,Tuesday,1,False
2023-01-25,10.2625,245,False,22,200,18,5,0.0,False,9.5,29.0,False,1.3,85.08,False,85.58922222222223,0.4864920634920509,6.612337502989175,False,0.0,False,Wednesday,1,False
2023-01-26,10.8847736625514,252,False,26,201,20,5,0.0,False,7.8,26.0,False,-0.1,86.29,False,85.48822222222223,0.7732063492063332,6.548916297309616,False,0.0,False,Thursday,1,False
2023-01-27,14.2727272727273,283,False,30,224,25,4,0.0,False,11.7,33.3,False,-0.6,85.36,False,85.39544444444445,1.0388412698412566,6.4765542859016625,False,0.0,False,Friday,1,False
2023-01-28,15.0677966101695,243,False,32,149,57,5,0.0,False,14.4,38.9,False,0.1,85.36,True,85.29233333333333,0.9133809523809475,6.401154047987865,False,0.0,False,Saturday,1,False
2023-01-29,12.4028268551237,290,False,25,205,54,6,0.0,False,7.5,25.9,False,0.1,85.36,True,85.18922222222221,0.7879206349206527,6.323154920790229,False,0.0,False,Sunday,1,False
2023-01-30,11.1612903225806,256,False,22,209,20,5,0.0,False,10.0,33.0,False,-0.2,84.9,False,85.101,0.6475714285714247,6.26383198398549,False,0.0,False,Monday,1,False
2023-01-31,9.54929577464789,217,False,21,163,30,3,0.0,False,8.5,34.0,False,2.1,83.42,False,84.98744444444445,0.38398412698413154,6.172125735302925,False,0.0,False,Tuesday,1,False
2023-02-01,11.8521739130435,234,False,4,52,174,4,0.3,False,15.0,48.0,False,3.8,81.61,False,84.8468888888889,0.2631111111111011,6.059928179284109,False,0.0,False,Wednesday,2,False
2023-02-02,8.69498069498069,266,False,0,0,259,7,0.3,False,17.2,45.0,False,5.1,80.57,False,84.69488888888888,-0.08060317460315503,5.9658790558364645,False,0.0,False,Thursday,2,False
2023-02-03,11.9543859649123,289,False,21,145,118,5,0.0,False,14.7,42.0,False,5.8,78.85,False,84.48422222222221,-0.6870793650793559,5.767598759942023,False,0.0,False,Friday,2,False
2023-02-04,12.9067796610169,242,False,34,144,60,4,0.1,False,6.0,27.8,False,4.9,78.85,True,84.25444444444445,-1.387301587301593,5.570003552560361,False,0.0,False,Saturday,2,False
2023-02-05,14.4344569288389,271,False,33,164,71,3,4.4,False,6.7,20.0,False,1.4,78.85,True,84.02466666666668,-2.08752380952383,5.355175214037189,True,4.4,False,Sunday,2,False
2023-02-06,14.6174242424242,267,False,31,214,21,1,0.0,False,14.7,36.0,False,2.0,80.48,False,83.7911111111111,-2.783968253968254,5.1090649652339435,False,0.0,False,Monday,2,False
2023-02-07,13.2266666666667,233,False,29,188,13,3,0.0,False,14.6,56.0,False,-0.9,82.92,False,83.60922222222221,-3.2335079365079338,4.927083880759964,False,0.0,False,Tuesday,2,False
2023-02-08,15.7181818181818,226,False,26,178,20,2,0.0,False,9.3,25.0,False,-2.6,84.17,False,83.49666666666667,-3.192380952380958,4.823612800530633,False,0.0,False,Wednesday,2,False
2023-02-09,12.724907063197,273,False,34,216,20,3,0.0,False,5.3,17.0,False,-2.4,83.46,False,83.38466666666666,-2.714666666666659,4.686191333427175,False,0.0,False,Thursday,2,False
2023-02-10,17.9933554817276,309,False,27,250,31,1,0.0,False,4.0,15.0,False,-1.7,85.46,False,83.24122222222222,-2.158365079365069,4.477170009993133,False,0.0,False,Friday,2,False
2023-02-11,21.6787003610108,288,False,32,180,72,4,0.0,False,3.5,13.0,False,-0.8,85.46,True,83.12,-1.0928571428571558,4.260143480202872,False,0.0,False,Saturday,2,False
2023-02-12,12.5033783783784,300,False,30,188,80,2,0.0,False,8.7,25.9,False,1.5,85.46,True,82.99877777777778,-0.027349206349214228,4.027762874138959,False,0.0,False,Sunday,2,False
2023-02-13,13.7224199288256,291,False,28,239,21,3,0.0,False,5.7,20.0,False,2.7,85.98,False,82.90844444444444,1.0072698412698458,3.875861603700682,False,0.0,False,Monday,2,False
2023-02-14,13.8875,248,False,29,206,10,3,0.0,False,4.8,13.0,False,0.5,84.96,False,82.816,1.8854285714285623,3.6961607168721553,False,0.0,False,Tuesday,2,False
2023-02-15,19.9310344827586,266,False,26,214,21,5,0.0,False,4.0,15.0,False,0.0,84.11,False,82.731,2.261857142857153,3.5536131478397435,False,0.0,False,Wednesday,2,False
2023-02-16,22.7750570776256,299,False,29,245,20,5,0.0,False,5.1,22.0,False,3.3,83.84,False,82.65444444444444,2.329841269841282,3.446060480311206,False,0.0,False,Thursday,2,False
2023-02-17,13.5693950177936,288,False,30,227,26,5,0.0,False,8.3,29.6,False,9.2,81.97,False,82.59788888888889,2.440682539682541,3.3831035862298435,False,0.0,False,Friday,2,False
2023-02-18,18.6643835616438,307,False,22,139,138,8,0.0,False,13.9,49.0,False,10.7,81.97,True,82.52055555555556,2.0194444444444315,3.315608426587365,False,0.0,False,Saturday,2,False
2023-02-19,23.5728813559322,301,False,6,42,242,11,0.1,False,12.0,41.0,False,8.1,81.97,True,82.44322222222223,1.598206349206336,3.244847195301218,False,0.0,False,Sunday,2,False
2023-02-20,11.7518248175182,285,False,31,230,19,5,0.0,False,5.0,18.0,False,7.9,82.79,False,82.37133333333334,1.1715238095237908,3.1815504664851373,False,0.0,False,Monday,2,False
2023-02-21,8.55020080321285,255,False,28,210,15,2,0.0,False,4.2,15.0,False,5.5,82.14,False,82.30622222222222,0.7809206349206477,3.1107886126775566,False,0.0,False,Tuesday,2,False
2023-02-22,11.2798507462687,278,False,23,232,18,5,0.0,False,6.0,26.0,False,6.2,79.55,False,82.26444444444445,0.4198412698412568,3.0871404575673904,False,0.0,False,Wednesday,2,False
2023-02-23,9.00704225352113,288,False,26,237,23,2,0.2,False,4.9,15.0,False,9.1,82.08,False,82.19733333333333,-0.16447619047619355,3.0796766939617544,False,0.0,False,Thursday,2,False
2023-02-24,12.4735099337748,306,False,22,197,84,3,1.5,False,7.5,48.0,False,6.9,82.31,False,82.18266666666666,-0.4012380952380852,3.0770268007590764,False,0.0,False,Friday,2,False
2023-02-25,16.2428571428571,286,False,37,191,56,2,5.2,False,8.2,38.0,False,4.3,82.31,True,82.17055555555557,-0.34055555555556793,3.074325489596929,False,0.0,False,Saturday,2,False
2023-02-26,22.2751677852349,305,True,23,0,74,7,0.0,False,29.5,79.0,False,0.0,82.31,True,82.15844444444444,-0.27987301587302227,3.071573512908146,False,0.0,False,Sunday,2,False
2023-02-27,21.2589928057554,283,True,20,0,27,5,0.0,False,32.1,69.0,False,-0.4,81.24,False,82.14522222222223,-0.21807936507937598,3.068293171092957,False,0.0,False,Monday,2,False
2023-02-28,13.1152263374486,247,True,22,117,18,3,0.0,False,16.4,57.0,False,-0.7,83.21,False,82.12322222222222,-0.4175079365079313,3.067598639121809,False,0.0,False,Tuesday,2,False
2023-03-01,12.1318181818182,284,False,31,229,21,3,0.0,False,11.4,35.0,False,0.9,83.68,False,82.09655555555557,-0.23798412698414495,3.0473120080510956,False,0.0,False,Wednesday,3,False
2023-03-02,12.4567474048443,293,False,21,247,22,3,0.0,False,5.5,20.0,False,2.0,84.15,False,82.06766666666667,0.38090476190475897,3.0194031890396733,False,0.0,False,Thursday,3,False
2023-03-03,14.4597315436242,305,False,34,244,23,4,0.0,False,4.8,22.0,False,3.1,85.74,False,82.0411111111111,0.7031746031746167,2.989993966566707,False,0.0,False,Friday,3,False
2023-03-04,12.7164179104478,273,False,30,173,67,3,0.0,False,6.4,27.0,False,2.9,85.74,True,82.03222222222222,1.2020634920635018,2.9776326384970897,False,0.0,False,Saturday,3,False
2023-03-05,12.1423728813559,303,False,28,213,60,2,0.0,False,6.5,28.0,False,2.7,85.74,True,82.02333333333333,1.7009523809523728,2.965192833414259,False,0.0,False,Sunday,3,False
2023-03-06,13.5806451612903,292,False,6,101,182,3,0.0,False,8.6,33.0,False,2.5,85.86,False,82.04977777777778,2.164507936507931,2.9877743314523983,False,0.0,False,Monday,3,False
2023-03-07,13.3201581027668,257,False,9,124,117,7,0.0,False,11.6,33.0,False,4.0,83.03,False,82.11577777777778,2.7585079365079395,3.005752155032672,False,0.0,False,Tuesday,3,False
2023-03-08,21.8597122302158,288,True,23,142,115,6,4.3,False,17.5,59.0,False,7.3,82.1,False,82.18155555555556,2.667015873015856,2.959394073691627,False,0.0,False,Wednesday,3,False
2023-03-09,19.356384180791,302,False,0,0,291,11,12.0,False,23.8,77.0,False,11.9,81.0,False,82.2491111111111,2.3737460317460375,2.885637290407547,False,0.0,False,Thursday,3,False
2023-03-10,24.6833333333333,310,False,0,1,297,12,7.9,False,26.1,73.0,False,8.1,82.3,False,82.30055555555556,1.8723015873015925,2.8201770448501904,False,0.0,False,Friday,3,False
2023-03-11,25.7218045112782,272,False,40,158,69,5,2.3,False,8.2,50.0,False,2.7,82.3,True,82.36644444444445,1.3149841269841147,2.7484219419589673,False,0.0,False,Saturday,3,False
2023-03-12,25.8566552901024,302,False,30,203,65,4,4.0,False,10.5,42.0,False,6.7,82.3,True,82.43233333333333,0.7576666666666512,2.6731007328746816,False,0.0,False,Sunday,3,False
2023-03-13,19.2627737226277,292,False,36,229,22,5,0.4,False,13.6,38.0,False,12.5,79.67,False,82.48011111111111,0.21846031746031258,2.6310870545545346,False,0.0,False,Monday,3,False
2023-03-14,13.9757085020243,271,False,1,52,208,10,20.6,False,20.7,76.0,False,7.8,76.77,False,82.47488888888888,-0.6606031746031675,2.6362453059917543,False,0.0,False,Tuesday,3,False
2023-03-15,18.8455882352941,281,False,17,149,110,5,0.9,False,10.2,45.0,False,4.3,74.3,False,82.402,-1.4820000000000135,2.7021997697266755,False,0.0,False,Wednesday,3,False
2023-03-16,12.5909090909091,298,False,28,241,27,2,0.0,False,4.1,14.8,False,4.6,73.12,False,82.31266666666667,-2.5069523809523844,2.8339593139746624,False,0.0,False,Thursday,3,False
2023-03-17,15.1862745098039,317,True,31,258,24,3,0.0,False,5.0,24.0,False,7.7,71.03,False,82.23400000000001,-3.5540000000000163,2.9873756097473247,False,0.0,False,Friday,3,False
2023-03-18,12.7416974169742,274,False,36,187,45,6,0.0,False,6.5,21.0,False,10.6,71.03,True,82.13211111111112,-5.062111111111108,3.2059125484672606,False,0.0,False,Saturday,3,False
2023-03-19,15.1958762886598,294,False,18,149,118,9,2.4,False,9.5,37.0,False,10.9,71.03,True,82.03022222222222,-6.570222222222213,3.4073951228323267,False,0.0,False,Sunday,3,False
2023-03-20,13.4033333333333,301,False,27,247,23,4,0.0,False,4.9,21.0,False,9.0,72.42,False,81.9121111111111,-8.062111111111093,3.5992082445339335,False,0.0,False,Monday,3,False
2023-03-21,9.04494382022472,271,False,25,229,15,2,0.0,False,5.3,21.0,False,9.1,74.78,False,81.83399999999999,-9.019714285714272,3.7272482243403315,False,0.0,False,Tuesday,3,False
2023-03-22,14.1985294117647,278,False,28,224,20,6,0.0,False,9.2,31.0,False,11.8,76.08,False,81.77322222222223,-9.24322222222223,3.7973070966176747,False,0.0,False,Wednesday,3,False
2023-03-23,15.2781690140845,289,False,30,233,22,4,0.0,False,10.7,43.0,False,13.4,74.31,False,81.73433333333334,-8.950047619047623,3.837727572581697,False,0.0,False,Thursday,3,False
2023-03-24,20.4521452145214,310,False,15,62,225,8,9.1,False,14.4,53.0,False,11.2,73.63,False,81.64388888888888,-8.689603174603164,3.915796213737523,False,0.0,False,Friday,3,False
2023-03-25,26.0254545454545,276,False,0,0,266,10,6.9,False,20.6,68.0,False,8.3,73.63,True,81.5458888888889,-8.220174603174613,4.004753045296711,False,0.0,False,Saturday,3,False
2023-03-26,31.77,307,False,5,43,242,17,10.2,False,12.9,70.0,False,7.3,73.63,True,81.44788888888888,-7.750746031746033,4.089402169007193,False,0.0,False,Sunday,3,False
2023-03-27,22.4923825887743,297,False,0,0,291,6,0.6,False,13.9,46.0,False,5.0,76.8,False,81.34988888888888,-7.281317460317453,4.170005926341528,False,0.0,False,Monday,3,False
2023-03-28,18.2395833333333,294,False,25,229,33,7,0.0,False,5.6,20.4,False,4.8,78.07,False,81.28711111111112,-6.592825396825404,4.195708145409284,False,0.0,False,Tuesday,3,False
2023-03-29,16.647619047619,318,False,34,241,41,2,0.1,False,13.9,41.0,False,11.9,77.51,False,81.24677777777778,-6.082492063492069,4.20912060200262,False,0.0,False,Wednesday,3,False
2023-03-30,21.35625,336,False,6,95,220,15,2.8,False,14.0,55.0,False,12.6,78.45,False,81.20844444444445,-5.8398730158730245,4.227431794309193,False,0.0,False,Thursday,3,False
2023-03-31,43.5285285285285,343,False,2,38,291,12,7.9,False,18.0,82.0,False,10.4,79.19,False,81.15988888888889,-5.199888888888879,4.2338054958022475,False,0.0,False,Friday,3,False
2023-04-01,34.1122112211221,313,False,0,0,301,12,4.0,False,25.4,69.0,False,8.2,79.19,True,81.11955555555555,-4.365269841269836,4.235103148290471,False,0.0,False,Saturday,4,False
2023-04-02,20.0349206349206,320,False,22,136,155,7,0.9,False,10.8,36.0,False,8.9,79.19,True,81.07922222222223,-3.5306507936507927,4.236012070883988,False,0.0,False,Sunday,4,False
2023-04-03,26.0404984423676,321,True,31,0,36,4,1.7,False,18.5,44.5,False,5.0,85.81,False,81.03888888888889,-2.6960317460317498,4.236532513781795,False,0.0,False,Monday,4,False
2023-04-04,20.26,307,True,26,0,39,4,0.0,False,19.7,51.0,False,3.1,85.7,False,81.09944444444444,-1.4694444444444485,4.265570383797668,False,0.0,False,Tuesday,4,False
2023-04-05,18.8292682926829,334,False,33,258,39,4,0.0,False,7.0,31.0,False,3.5,85.89,False,81.2148888888889,-0.4948888888888945,4.247684165994232,False,0.0,False,Wednesday,4,False
2023-04-06,22.0087209302325,351,False,26,160,161,4,0.0,False,6.1,36.0,False,5.7,86.56,False,81.31666666666666,0.6004761904762006,4.248755534919755,False,0.0,False,Thursday,4,False
2023-04-07,15.9544159544159,359,False,27,243,83,6,0.1,False,8.7,38.0,False,6.9,86.56,True,81.42944444444444,1.6462698412698415,4.251759281905142,False,0.0,True,Friday,4,False
2023-04-08,11.0657894736842,307,False,29,199,74,5,0.0,False,6.3,21.0,False,7.5,86.56,True,81.54222222222222,2.586349206349226,4.25173692934548,False,0.0,False,Saturday,4,False
2023-04-09,13.2660550458715,329,False,34,212,75,8,0.0,False,12.6,38.0,False,7.9,86.56,True,81.655,3.5264285714285677,4.248688429479391,False,0.0,False,Sunday,4,False
2023-04-10,18.4331395348837,353,False,32,246,72,3,0.0,False,6.9,32.0,False,9.1,86.56,True,81.75566666666667,4.478619047619063,4.2564602717456825,False,0.0,True,Monday,4,False
2023-04-11,14.5197368421053,312,False,2,22,282,6,3.6,False,13.8,47.0,False,11.0,87.32,False,81.84633333333333,4.495095238095232,4.271061087012717,False,0.0,False,Tuesday,4,False
2023-04-12,17.4639498432602,327,False,12,114,198,3,6.9,False,13.0,50.0,False,9.3,88.31,False,81.91533333333334,4.657523809523809,4.309025072874043,False,0.0,False,Wednesday,4,False
2023-04-13,18.7969696969697,332,False,21,207,100,4,3.1,False,10.0,74.0,False,6.1,86.51,False,81.97888888888889,4.939682539682536,4.3609581578979615,False,0.0,False,Thursday,4,False
2023-04-14,17.7479452054794,371,False,33,293,43,2,0.0,False,5.9,20.4,False,6.6,87.31,False,82.0131111111111,4.898317460317472,4.384495062582825,False,0.0,False,Friday,4,False
2023-04-15,16.9810126582278,324,False,31,172,114,7,1.6,False,6.6,29.0,False,6.4,87.31,True,82.05622222222223,4.962349206349202,4.417534158323564,False,0.0,False,Saturday,4,False
2023-04-16,15.8119658119658,356,False,29,241,79,7,22.1,False,6.7,28.0,False,7.5,87.31,True,82.09933333333333,5.026380952380947,4.449905642227092,False,0.0,False,Sunday,4,False
2023-04-17,15.5913043478261,349,False,47,257,40,5,4.2,False,11.5,44.0,False,9.4,85.63,False,82.15111111111112,5.081746031746022,4.483370382593992,False,0.0,False,Monday,4,False
2023-04-18,16.4299065420561,327,True,27,170,41,4,0.0,False,15.7,49.0,False,10.5,85.48,False,82.165,4.935000000000002,4.492280082217052,False,0.0,False,Tuesday,4,False
2023-04-19,15.5535168195719,338,True,32,253,42,3,5.0,False,12.4,56.0,False,9.7,85.34,False,82.18388888888889,4.653253968253992,4.502708970987203,False,0.0,False,Wednesday,4,False
2023-04-20,16.1178247734139,340,False,30,260,42,8,4.5,False,8.6,40.0,False,5.0,83.29,False,82.18677777777778,4.226079365079357,4.504670941050684,False,0.0,False,Thursday,4,False
2023-04-21,23.3914285714286,359,False,34,274,47,4,0.0,False,4.6,30.0,False,7.1,83.36,False,82.14599999999999,3.8068571428571687,4.477505776381923,False,0.0,False,Friday,4,False
2023-04-22,19.276397515528,328,False,30,164,129,5,0.0,False,5.8,41.0,False,10.6,83.36,True,82.10600000000001,3.28257142857143,4.450012447906439,False,0.0,False,Saturday,4,False
2023-04-23,21.5816618911175,354,False,37,229,83,5,4.5,False,8.8,51.0,False,13.0,83.36,True,82.066,2.758285714285705,4.421982320233185,False,0.0,False,Sunday,4,False
2023-04-24,23.6793002915452,349,False,0,0,340,9,2.2,False,16.4,59.0,False,10.0,84.23,False,82.01955555555554,2.2404444444444636,4.385644587964296,False,0.0,False,Monday,4,False
2023-04-25,15.3517915309446,311,False,5,71,229,6,4.9,False,9.8,45.0,False,7.5,82.13,False,82.00822222222223,2.0517777777777866,4.378514852049542,False,0.0,False,Tuesday,4,False
2023-04-26,14.559375,328,False,26,261,39,2,0.0,False,6.2,20.4,False,8.9,79.19,False,81.97544444444445,1.6059841269841257,4.366285841243808,False,0.0,False,Wednesday,4,False
2023-04-27,15.1217391304348,353,False,28,273,46,6,1.0,False,4.9,16.0,False,12.8,80.11,False,81.89655555555555,0.80630158730159,4.351571370868318,False,0.0,False,Thursday,4,False
2023-04-28,21.3466666666667,389,False,36,300,48,5,22.1,False,8.1,26.0,False,12.5,81.32,False,81.83822222222221,0.4103492063492098,4.339794324795656,False,0.0,False,Friday,4,False
2023-04-29,17.6851851851852,332,False,29,125,174,4,0.8,False,11.3,35.0,False,15.9,81.32,True,81.79333333333334,0.16380952380953318,4.3238219152807025,False,0.0,False,Saturday,4,False
2023-04-30,26.0993975903614,338,True,34,69,82,8,0.0,False,14.2,49.0,False,13.6,81.32,True,81.74844444444444,-0.08273015873015765,4.3073172419415675,False,0.0,False,Sunday,4,False
2023-05-01,23.5074626865672,345,False,30,234,79,2,11.2,False,8.9,34.0,False,11.6,81.32,True,81.70866666666666,-0.334380952380954,4.294396976673669,False,0.0,True,Monday,5,False
2023-05-02,13.7320261437908,311,False,29,242,35,5,2.0,False,5.7,32.0,False,11.8,76.71,False,81.68533333333333,-0.7267619047619007,4.290697593946952,False,0.0,False,Tuesday,5,False
2023-05-03,20.5209580838323,342,True,21,78,43,1,0.0,False,14.9,47.0,False,12.2,72.91,False,81.63088888888889,-1.446603174603183,4.322633312179752,False,0.0,False,Wednesday,5,False
2023-05-04,12.8459302325581,347,False,27,275,40,5,0.0,False,5.0,15.0,False,14.4,73.0,False,81.54577777777777,-2.2586349206349183,4.418113374820141,False,0.0,False,Thursday,5,False
2023-05-05,18.7089947089947,390,False,28,259,97,6,0.9,False,7.2,79.0,False,16.4,75.85,False,81.48077777777779,-3.2093492063492164,4.500484924628632,False,0.0,False,Friday,5,False
2023-05-06,13.6219512195122,304,False,27,191,77,9,0.0,False,4.9,22.0,False,16.7,75.85,True,81.44744444444444,-3.957444444444448,4.531194143054679,False,0.0,False,Saturday,5,False
2023-05-07,20.6117647058823,345,False,23,181,136,5,2.6,False,8.6,39.0,False,14.9,75.85,True,81.41411111111111,-4.705539682539694,4.561450315007854,False,0.0,False,Sunday,5,False
2023-05-08,24.24,353,False,34,275,39,5,18.6,False,6.4,30.0,False,14.6,75.85,True,81.36266666666667,-5.435523809523815,4.598065494546641,False,0.0,False,Monday,5,False
2023-05-09,17.4248366013072,310,False,22,205,69,14,10.1,False,4.7,31.0,False,15.2,77.76,False,81.2841111111111,-6.138396825396825,4.63143288295523,False,0.0,False,Tuesday,5,False
2023-05-10,17.3343195266272,343,False,15,124,201,3,4.4,False,10.7,40.0,False,12.9,76.7,False,81.21288888888888,-5.917174603174601,4.635839437565978,False,0.0,False,Wednesday,5,False
2023-05-11,16.3700305810397,332,False,32,253,43,4,0.3,False,6.7,28.0,False,11.4,75.32,False,81.13777777777777,-5.300634920634906,4.653751121475007,False,0.0,False,Thursday,5,False
2023-05-12,19.6576086956522,378,False,37,288,48,5,0.1,False,9.8,32.0,False,12.9,74.54,False,81.0251111111111,-4.856539682539676,4.6706483067662905,False,0.0,False,Friday,5,False
2023-05-13,18.834375,325,True,38,136,76,9,0.0,False,12.5,36.0,False,12.1,74.54,True,80.90377777777778,-4.92234920634921,4.695915647697778,False,0.0,False,Saturday,5,False
2023-05-14,21.1699164345404,365,False,27,223,109,6,9.5,False,7.5,30.0,False,11.2,74.54,True,80.78244444444444,-4.98815873015873,4.717893338457792,False,0.0,False,Sunday,5,False
2023-05-15,20.9942028985507,353,False,37,267,44,5,8.2,False,6.9,20.4,False,12.0,75.46,False,80.65533333333335,-5.048190476190484,4.730379275480287,False,0.0,False,Monday,5,False
2023-05-16,14.2421383647799,324,False,16,154,149,5,4.5,False,13.0,43.0,False,10.9,75.15,False,80.54977777777778,-4.998349206349204,4.739229060184754,False,0.0,False,Tuesday,5,False
2023-05-17,24.6034482758621,357,True,38,126,44,5,0.1,False,18.0,42.6,False,10.8,76.98,False,80.45022222222222,-5.271650793650792,4.757674339276234,False,0.0,False,Wednesday,5,False
2023-05-18,29.3370786516854,363,True,34,47,76,2,0.0,False,20.4,48.0,False,11.0,75.75,False,80.374,-5.155428571428573,4.757708541073484,False,0.0,True,Thursday,5,False
2023-05-19,15.5348837209302,348,True,34,153,53,3,0.0,False,12.5,35.0,False,12.1,75.42,False,80.30488888888888,-5.024888888888881,4.779391208574591,False,0.0,False,Friday,5,False
2023-05-20,18.1942675159236,318,True,32,209,71,5,0.0,False,7.1,31.0,False,13.9,75.42,True,80.23211111111111,-4.826396825396813,4.803559657252097,False,0.0,False,Saturday,5,False
2023-05-21,21.2359249329759,378,False,33,249,91,5,0.0,False,6.3,20.0,False,17.1,75.42,True,80.15933333333334,-4.627904761904759,4.826497508779328,False,0.0,False,Sunday,5,False
2023-05-22,24.9414893617021,386,False,32,304,46,4,0.0,False,7.1,22.2,False,19.3,75.77,False,80.07744444444445,-4.420301587301594,4.843853179079677,False,0.0,False,Monday,5,False
2023-05-23,19.9130434782609,329,False,28,259,37,5,8.7,False,8.3,52.0,False,17.0,76.66,False,80.00666666666667,-4.30523809523811,4.859889026337999,False,0.0,False,Tuesday,5,False
2023-05-24,13.568115942029,351,False,27,270,46,8,1.2,False,12.4,29.0,False,13.0,77.99,False,79.97455555555555,-4.057412698412691,4.872471666139707,False,0.0,False,Wednesday,5,False
2023-05-25,27.9073569482289,377,True,36,198,49,3,0.3,False,10.0,33.3,False,14.4,75.66,False,79.92911111111111,-3.867682539682548,4.871687210777838,False,0.0,False,Thursday,5,False
2023-05-26,34.419689119171,398,True,37,190,49,5,0.0,False,11.0,47.0,False,17.6,76.33,False,79.85522222222221,-3.8066507936507747,4.8855809926212075,False,0.0,False,Friday,5,False
2023-05-27,30.2813455657492,331,True,34,73,83,5,0.0,False,14.1,41.0,False,18.2,76.33,True,79.78877777777778,-3.6102063492063508,4.892480087924992,False,0.0,False,Saturday,5,False
2023-05-28,22.0201149425287,352,False,45,217,86,4,0.0,False,11.7,36.0,False,17.9,76.33,True,79.72233333333332,-3.4137619047618983,4.89845814998934,False,0.0,False,Sunday,5,False
2023-05-29,30.6693333333333,380,True,31,76,95,2,0.0,False,15.4,46.0,False,18.1,76.33,True,79.66777777777777,-3.2292063492063505,4.90869688599813,False,0.0,True,Monday,5,False
2023-05-30,19.1219512195122,331,True,27,112,41,2,0.0,False,16.2,47.0,False,18.3,73.38,False,79.59133333333334,-3.0727619047619044,4.906484633694492,False,0.0,False,Tuesday,5,False
2023-05-31,22.5470085470085,361,True,28,92,48,1,0.0,False,17.5,49.0,False,18.7,71.98,False,79.47688888888888,-3.4268888888888824,4.930111935381064,False,0.0,False,Wednesday,5,False
2023-06-01,20.551724137931,356,False,32,276,40,8,0.0,False,7.9,25.9,False,18.9,74.18,False,79.34166666666667,-4.150238095238109,4.96725688999895,False,0.0,False,Thursday,6,False
2023-06-02,20.7068062827225,391,False,43,294,49,5,0.0,False,9.6,40.0,False,19.8,76.0,False,79.21322222222223,-4.233222222222224,4.949376723393415,False,0.0,False,Friday,6,False
2023-06-03,19.8,343,False,41,214,83,5,0.0,False,11.2,31.0,False,18.8,76.0,True,79.105,-4.172142857142859,4.911400690391609,False,0.0,False,Saturday,6,False
2023-06-04,22.5742857142857,358,True,36,128,96,4,0.0,False,10.9,37.0,False,18.4,76.0,True,78.99677777777778,-4.111063492063494,4.870697716159711,False,0.0,False,Sunday,6,False
2023-06-05,20.4354838709677,380,False,43,286,48,3,0.0,False,9.9,31.5,False,18.2,76.61,False,78.88722222222222,-4.048650793650793,4.825267769895492,False,0.0,False,Monday,6,False
2023-06-06,19.9270516717325,337,False,32,261,38,6,0.0,False,12.5,40.0,False,18.4,76.22,False,78.81588888888889,-3.937317460317473,4.810768327162948,False,0.0,False,Tuesday,6,False
2023-06-07,17.485632183908,362,False,39,274,43,6,0.0,False,9.4,34.0,False,19.1,76.85,False,78.75055555555556,-3.466269841269849,4.8055911633709965,False,0.0,False,Wednesday,6,False
2023-06-08,26.6730769230769,370,True,38,210,71,3,0.1,False,7.8,41.0,False,19.0,75.88,False,78.70444444444443,-2.72444444444443,4.80367441550149,False,0.0,False,Thursday,6,False
2023-06-09,24.7029177718833,384,True,39,244,49,9,0.0,False,12.6,37.0,False,19.9,74.74,False,78.6331111111111,-2.4102539682539685,4.797344922155236,False,0.0,False,Friday,6,False
2023-06-10,15.4926686217009,348,False,34,224,80,10,0.0,False,10.6,36.0,False,21.0,74.74,True,78.54911111111112,-2.5062539682539864,4.798603880401575,False,0.0,False,Saturday,6,False
2023-06-11,31.7013333333333,384,True,34,105,101,8,0.0,False,14.3,43.0,False,20.9,74.74,True,78.46511111111111,-2.602253968253976,4.79837571872855,False,0.0,False,Sunday,6,False
2023-06-12,33.8834196891192,392,True,34,173,55,1,0.0,False,15.2,45.0,False,20.5,71.8,False,78.41033333333334,-2.727476190476196,4.812585431899592,False,0.0,False,Monday,6,False
2023-06-13,19.6295180722891,342,True,36,223,39,6,0.0,False,15.6,42.0,False,19.0,74.24,False,78.35511111111111,-3.3593968253968427,4.859900642727676,False,0.0,False,Tuesday,6,False
2023-06-14,18.5214899713467,358,True,34,200,49,4,0.0,False,11.0,41.0,False,18.8,73.39,False,78.35444444444444,-3.6415873015872933,4.8604672432522324,False,0.0,False,Wednesday,6,False
2023-06-15,19.9333333333333,385,False,39,296,45,5,0.0,False,7.4,31.0,False,18.5,75.75,False,78.35744444444444,-4.138873015873017,4.857282395760633,False,0.0,False,Thursday,6,False
2023-06-16,24.8880597014925,411,False,20,221,163,7,0.6,False,6.4,26.0,False,19.7,76.76,False,78.40988888888889,-4.209888888888884,4.802450099044662,False,0.0,False,Friday,6,False
2023-06-17,21.3121387283237,351,False,41,224,80,6,0.0,False,4.8,25.0,False,20.1,76.76,True,78.47355555555555,-3.9849841269841306,4.741104576915044,False,0.0,False,Saturday,6,False
2023-06-18,23.7677053824363,357,False,40,210,103,4,0.0,False,4.4,38.0,False,21.3,76.76,True,78.53722222222223,-3.7600793650793634,4.67807869612594,False,0.0,False,Sunday,6,False
2023-06-19,27.6397849462365,382,True,43,278,41,4,4.7,False,9.0,36.0,False,22.6,76.09,False,78.58544444444445,-3.5197301587301553,4.636496924709456,False,0.0,False,Monday,6,False
2023-06-20,26.1044303797468,322,False,32,241,34,15,5.8,False,8.7,38.0,False,23.2,75.79,False,78.6,-2.9214285714285637,4.626461506099669,False,0.0,False,Tuesday,6,False
2023-06-21,34.0364741641337,350,False,30,262,55,3,5.9,False,6.8,80.0,False,21.7,76.92,False,78.59677777777777,-2.6967777777777826,4.628336956594299,False,0.0,False,Wednesday,6,False
2023-06-22,27.1083333333333,372,False,41,254,74,3,2.0,False,9.8,59.0,False,21.4,73.93,False,78.62577777777778,-2.2214920634920645,4.609312990262597,False,0.0,False,Thursday,6,False
2023-06-23,33.7716535433071,388,False,0,76,303,9,6.5,False,12.4,33.0,False,19.7,73.56,False,78.62911111111111,-2.4848253968254,4.605766694205696,False,0.0,False,Friday,6,False
2023-06-24,27.6242424242424,352,True,32,79,84,8,0.0,False,15.3,49.0,False,20.0,73.56,True,78.62833333333333,-2.941190476190471,4.606626211902378,False,0.0,False,Saturday,6,False
2023-06-25,23.5071225071225,372,False,34,239,94,5,0.0,False,5.9,26.0,False,21.5,73.56,True,78.62755555555555,-3.3975555555555417,4.607485436487778,False,0.0,False,Sunday,6,False
2023-06-26,21.0986301369863,373,False,6,122,240,5,0.0,False,13.0,44.0,False,23.0,73.86,False,78.59155555555556,-3.81869841269841,4.634503697199636,False,0.0,False,Monday,6,False
2023-06-27,14.6355421686747,337,False,25,268,39,5,0.0,False,10.0,28.0,False,20.5,71.88,False,78.54477777777778,-4.090492063492064,4.660997922705176,False,0.0,False,Tuesday,6,False
2023-06-28,15.5847953216374,352,False,29,275,43,5,0.0,False,7.4,25.0,False,19.5,73.64,False,78.48222222222222,-4.586507936507942,4.7125371343049975,False,0.0,False,Wednesday,6,False
2023-06-29,20.266846361186,380,False,54,310,14,2,0.0,False,7.1,28.0,False,20.8,73.86,False,78.42877777777778,-5.0016349206349275,4.74010093946963,False,0.0,False,Thursday,6,False
2023-06-30,40.2422680412371,402,False,16,214,156,16,1.8,False,9.5,41.0,False,18.8,74.51,False,78.36955555555556,-4.952412698412715,4.7637207889749575,False,0.0,False,Friday,6,False
2023-07-01,24.5657142857143,365,False,11,100,242,12,0.4,False,13.2,45.0,False,18.9,74.51,True,78.31755555555556,-4.764698412698408,4.78017895182722,False,0.0,False,Saturday,7,False
2023-07-02,26.7765667574932,379,False,7,65,292,15,2.3,False,10.6,36.0,False,19.1,74.51,True,78.26555555555557,-4.576984126984144,4.796010540399887,False,0.0,False,Sunday,7,False
2023-07-03,29.9744245524297,404,False,0,70,325,9,0.0,False,12.0,43.0,False,20.4,74.52,False,78.14,-4.315714285714293,4.743913427408636,False,0.0,False,Monday,7,False
2023-07-04,20.32,357,False,16,232,101,8,0.1,False,8.2,31.0,False,20.6,76.23,False,78.01577777777779,-4.0972063492063455,4.689794796253638,False,0.0,False,Tuesday,7,False
2023-07-05,32.8870056497175,368,False,4,137,218,9,8.3,False,9.8,44.0,False,18.2,76.74,False,77.90844444444444,-3.3684444444444495,4.617541519888756,False,0.0,False,Wednesday,7,False
2023-07-06,24.8919802867383,379,False,39,288,49,3,0.0,False,5.3,22.0,False,19.0,76.72,False,77.79933333333334,-2.8164761904761946,4.525923780558195,False,0.0,False,Thursday,7,False
2023-07-07,24.2358974358974,404,False,48,294,56,6,0.0,False,6.7,28.0,False,21.6,78.77,False,77.69,-2.298571428571421,4.429744457083575,False,0.0,False,Friday,7,False
2023-07-08,23.7786885245902,375,False,43,236,88,8,1.5,False,8.3,45.0,False,22.0,78.77,True,77.60344444444445,-1.603444444444449,4.32945209215135,False,0.0,False,Saturday,7,False
2023-07-09,26.25935828877,384,False,52,229,94,9,0.0,False,5.0,23.0,False,25.2,78.77,True,77.51688888888889,-0.9083174603174626,4.224987904895217,False,0.0,False,Sunday,7,False
2023-07-10,29.6981132075472,379,False,45,279,49,6,0.0,False,8.5,27.8,False,25.0,77.83,False,77.43033333333332,-0.21319047619046216,4.11603426733721,False,0.0,False,Monday,7,False
2023-07-11,28.430303030303,336,False,43,253,35,5,9.0,False,8.6,106.0,False,26.5,79.54,False,77.32488888888889,0.36511111111111916,3.9791143626588137,False,0.0,False,Tuesday,7,False
2023-07-12,40.4985250737463,351,False,52,269,29,1,33.6,False,8.1,52.0,False,20.4,80.35,False,77.22744444444444,0.9354126984126907,3.8109064541790376,False,0.0,False,Wednesday,7,False
2023-07-13,27.7183098591549,367,False,30,196,136,5,1.6,False,8.2,34.0,False,20.0,81.31,False,77.159,1.5195714285714246,3.695899048308473,False,0.0,False,Thursday,7,False
2023-07-14,25.5279187817259,401,False,47,289,61,4,0.0,False,6.0,23.0,False,20.9,79.9,False,77.09233333333333,2.241952380952384,3.562442366970183,False,0.0,False,Friday,7,False
2023-07-15,32.4189393939394,352,False,58,203,88,3,3.5,False,8.4,54.0,False,24.5,79.9,True,77.01,2.4857142857142804,3.405829107591714,False,0.0,False,Saturday,7,False
2023-07-16,28.5053191489362,391,False,37,243,97,14,5.5,False,8.7,37.0,False,19.8,79.9,True,76.92766666666667,2.7294761904761913,3.239542917544599,False,0.0,False,Sunday,7,False
2023-07-17,29.3473684210526,388,False,41,212,131,4,2.0,False,8.0,32.0,False,21.8,77.8,False,76.864,2.954571428571427,3.120721178536133,False,0.0,False,Monday,7,False
2023-07-18,26.6900584795322,356,True,35,260,56,4,0.7,False,6.3,35.0,False,22.1,79.54,False,76.77866666666667,3.0356190476190505,2.984505755857784,False,0.0,False,Tuesday,7,False
2023-07-19,28.1374269005848,351,False,2,44,294,11,0.0,False,12.7,46.0,False,23.3,79.38,False,76.71422222222222,3.100063492063498,2.857480220140828,False,0.0,False,Wednesday,7,False
2023-07-20,22.0053908355795,376,False,43,279,47,7,0.0,False,6.4,27.0,False,21.2,79.62,False,76.67077777777777,3.0049365079365202,2.785189250940098,False,0.0,False,Thursday,7,False
2023-07-21,29.4308510638298,380,False,37,269,70,4,1.0,False,8.6,35.0,False,18.6,81.06,False,76.62922222222223,2.8050634920634963,2.7111808562805964,False,0.0,False,Friday,7,False
2023-07-22,23.1634349030471,366,False,9,89,257,11,0.0,False,7.5,32.0,False,19.7,81.06,True,76.60366666666667,2.9963333333333395,2.657328831149929,False,0.0,False,Saturday,7,False
2023-07-23,20.6340769903762,388,False,33,147,202,6,0.0,False,9.5,51.0,False,21.0,81.06,True,76.57811111111111,3.1876031746031686,2.602108865770239,False,0.0,False,Sunday,7,False
2023-07-24,49.8083333333333,373,False,44,245,81,3,19.0,False,9.5,49.0,False,19.0,82.53,False,76.54288888888888,3.3885396825396867,2.517446202162176,False,0.0,False,Monday,7,False
2023-07-25,39.1794871794872,359,False,1,54,283,21,3.3,False,12.0,66.0,False,17.6,83.46,False,76.54733333333333,4.059809523809534,2.5277528324638867,False,0.0,False,Tuesday,7,False
2023-07-26,32.3328584995252,361,False,37,273,47,4,8.5,False,12.1,40.0,False,14.6,82.98,False,76.59477777777778,4.572365079365085,2.616428747027403,False,0.0,False,Wednesday,7,False
2023-07-27,22.8198924731183,382,False,41,289,45,7,0.0,False,6.9,33.0,False,17.1,84.28,False,76.62666666666668,5.0547619047618895,2.67655236905172,False,0.0,False,Thursday,7,False
2023-07-28,31.5569948186528,390,False,16,186,179,9,1.4,False,9.8,35.2,False,19.4,84.49,False,76.65955555555556,5.687587301587314,2.751993725134151,False,0.0,False,Friday,7,False
2023-07-29,43.1342465753425,378,False,20,158,189,11,9.7,False,7.1,42.0,False,19.0,84.49,True,76.69477777777777,6.142365079365092,2.831451062372162,False,0.0,False,Saturday,7,False
2023-07-30,26.8894878706199,380,False,0,31,333,16,0.8,False,12.2,49.0,False,19.9,84.49,True,76.73,6.597142857142842,2.9083073574503686,False,0.0,False,Sunday,7,False
2023-07-31,19.6482939632546,391,False,33,305,46,7,0.0,False,8.1,34.0,False,18.1,85.22,False,76.76522222222222,7.05192063492062,2.9827636787972738,False,0.0,False,Monday,7,False
2023-08-01,27.9911764705882,348,False,5,68,256,19,5.8,False,13.0,54.0,False,18.0,85.34,False,76.85977777777777,7.3416507936508,3.113034928638452,False,0.0,True,Tuesday,8,False
2023-08-02,28.4899713467049,357,False,18,98,235,6,11.5,False,15.9,67.0,False,19.9,84.01,False,76.99788888888888,7.4721111111111185,3.2100518020418143,False,0.0,False,Wednesday,8,False
2023-08-03,23.3314606741573,367,False,2,48,309,8,0.1,False,16.1,64.0,False,19.4,86.19,False,77.12022222222222,7.496920634920627,3.2652996757634574,False,0.0,False,Thursday,8,False
2023-08-04,26.763925729443,382,False,42,245,90,5,19.6,False,6.7,38.0,False,17.0,87.38,False,77.23511111111111,7.654888888888891,3.3992623933704884,False,0.0,False,Friday,8,False
2023-08-05,19.28125,358,False,42,224,87,5,0.8,False,7.8,30.0,False,16.9,87.38,True,77.36322222222222,7.93963492063493,3.559946921640888,False,0.0,False,Saturday,8,False
2023-08-06,25.7961956521739,374,False,1,0,362,11,12.3,False,17.8,54.0,False,13.8,87.38,True,77.49133333333333,8.224380952380955,3.7092136118029186,False,0.0,False,Sunday,8,False
2023-08-07,23.9517426273458,381,False,4,81,278,18,2.5,False,12.5,47.0,False,13.7,86.47,False,77.61944444444444,8.50912698412698,3.8483912766549233,False,0.0,False,Monday,8,False
2023-08-08,17.8994082840237,342,False,30,258,50,4,0.0,False,7.5,37.0,False,15.1,88.0,False,77.71622222222223,8.590920634920622,3.9598687918850666,False,0.0,False,Tuesday,8,False
2023-08-09,18.9467787114846,366,False,33,176,152,5,0.0,False,8.2,33.0,False,18.1,89.31,False,77.84177777777778,8.84536507936508,4.1038136765260065,False,0.0,False,Wednesday,8,False
2023-08-10,22.5796703296703,370,False,33,285,48,4,0.0,False,5.6,19.0,False,20.0,87.44,False,77.99722222222222,9.447063492063478,4.268858497469452,False,0.0,False,Thursday,8,False
2023-08-11,19.5065963060686,387,False,38,285,54,10,0.0,False,4.1,18.0,False,21.5,87.93,False,78.14055555555557,9.482301587301578,4.36691502996197,False,0.0,False,Friday,8,False
2023-08-12,28.9176136363636,359,False,33,224,97,5,0.3,False,5.8,27.0,False,21.9,87.93,True,78.28933333333335,9.412095238095219,4.469751469853055,False,0.0,False,Saturday,8,False
2023-08-13,21.9486486486486,376,False,39,237,95,5,0.6,False,5.6,29.0,False,22.7,87.93,True,78.4381111111111,9.341888888888903,4.565374295655509,False,0.0,False,Sunday,8,False
2023-08-14,21.3369565217391,378,False,41,281,49,7,0.0,False,5.4,26.0,False,23.7,87.4,False,78.57666666666667,9.281904761904755,4.66217651828486,False,0.0,False,Monday,8,False
2023-08-15,25.9349112426036,343,False,35,241,59,8,0.0,False,8.4,28.0,False,24.3,86.28,False,78.71277777777777,9.278650793650812,4.739193509301768,False,0.0,False,Tuesday,8,False
2023-08-16,22.2067039106145,364,False,39,269,55,1,0.0,False,3.8,20.0,False,23.4,84.49,False,78.81611111111111,8.929603174603173,4.801960436370302,False,0.0,False,Wednesday,8,False
2023-08-17,27.7068493150685,372,True,36,270,50,4,0.0,False,8.1,32.0,False,21.6,85.24,False,78.91322222222223,8.143920634920633,4.827564307296162,False,0.0,False,Thursday,8,False
2023-08-18,26.6822916666667,390,False,39,284,63,4,0.0,False,4.6,19.0,False,22.6,85.92,False,79.02233333333334,7.720523809523812,4.858599014327963,False,0.0,False,Friday,8,False
2023-08-19,20.8099415204678,347,False,42,217,84,4,0.0,False,5.3,23.0,False,24.4,85.92,True,79.139,7.316714285714298,4.897039474823913,False,0.0,False,Saturday,8,False
2023-08-20,20.6015831134565,387,False,43,241,98,5,0.0,False,4.0,18.5,False,25.2,85.92,True,79.25566666666667,6.9129047619047554,4.932390775683842,False,0.0,False,Sunday,8,False
2023-08-21,22.217277486911,388,False,45,292,44,7,0.0,False,4.0,22.0,False,25.7,85.44,False,79.36844444444445,6.512984126984136,4.967708515014082,False,0.0,False,Monday,8,False
2023-08-22,17.2456647398844,355,False,43,263,44,5,0.0,False,4.6,25.0,False,26.3,84.7,False,79.466,6.135428571428562,5.0000280448657755,False,0.0,False,Tuesday,8,False
2023-08-23,18.2027777777778,368,False,31,188,144,5,0.0,False,7.5,30.0,False,26.3,83.94,False,79.54055555555556,5.835158730158724,5.0277218825573105,False,0.0,False,Wednesday,8,False
2023-08-24,33.3696275071633,358,False,47,234,73,4,0.0,False,8.4,80.0,False,25.5,84.07,False,79.63255555555556,5.664587301587289,5.031669939942939,False,0.0,False,Thursday,8,False
2023-08-25,42.5524861878453,374,False,48,201,117,8,12.8,False,11.3,54.0,False,22.6,85.42,False,79.71855555555555,5.411444444444442,5.040726174079826,False,0.0,False,Friday,8,False
2023-08-26,32.8289855072464,350,False,18,180,141,11,6.5,False,6.5,40.0,False,18.6,85.42,True,79.81955555555555,5.239015873015873,5.063085152447056,False,0.0,False,Saturday,8,False
2023-08-27,38.9564032697548,378,False,50,254,57,17,18.2,False,7.1,28.0,False,16.1,85.42,True,79.92055555555557,5.066587301587305,5.0833169214452045,False,0.0,False,Sunday,8,False
2023-08-28,39.8838526912181,360,False,46,264,44,6,37.9,False,9.1,32.0,False,13.3,85.42,True,80.02155555555555,4.894158730158736,5.101446789962375,False,0.0,False,Monday,8,False
2023-08-29,23.065868263473,342,False,33,260,40,9,9.5,False,5.6,18.5,False,12.1,86.37,False,80.15533333333335,4.757523809523789,5.083157737496993,False,0.0,False,Tuesday,8,False
2023-08-30,22.668449197861,383,False,33,275,70,5,0.0,False,6.4,35.0,False,14.8,86.62,False,80.31522222222222,4.83620634920635,5.0493197289683645,False,0.0,False,Wednesday,8,False
2023-08-31,23.4672131147541,374,False,35,291,46,2,0.3,False,6.5,24.1,False,15.3,87.29,False,80.45344444444444,5.080841269841272,5.04975339504983,False,0.0,False,Thursday,8,False
2023-09-01,29.5575447570332,404,False,38,314,47,5,0.0,False,7.1,26.0,False,19.1,89.98,False,80.57888888888888,5.41539682539684,5.078031434123694,False,0.0,False,Friday,9,False
2023-09-02,20.4289855072464,354,False,43,224,73,14,0.0,False,5.7,30.0,False,19.1,89.98,True,80.73422222222221,5.911492063492062,5.149705997450776,False,0.0,False,Saturday,9,False
2023-09-03,30.9117647058823,384,False,37,248,95,4,0.0,False,8.0,25.0,False,19.6,89.98,True,80.88955555555555,6.407587301587299,5.215720599618912,False,0.0,False,Sunday,9,False
2023-09-04,37.1450777202072,395,True,37,98,53,5,0.0,False,15.2,42.0,False,21.0,90.42,False,81.03811111111112,6.910460317460306,5.28243685136366,False,0.0,False,Monday,9,False
2023-09-05,19.2385057471264,355,False,39,270,41,5,0.0,False,8.8,30.0,False,20.2,91.25,False,81.19588888888889,7.466968253968275,5.3485623174761345,False,0.0,False,Tuesday,9,False
2023-09-06,21.461432506887,370,False,34,285,46,5,0.0,False,7.2,25.0,False,19.0,91.79,False,81.3558888888889,8.004111111111115,5.431832909024917,False,0.0,False,Wednesday,9,False
2023-09-07,18.754617414248,388,False,36,303,42,7,0.0,False,5.4,17.0,False,20.6,91.16,False,81.53266666666667,8.565904761904761,5.509950916399263,False,0.0,False,Thursday,9,False
2023-09-08,26.7121212121212,408,False,38,306,56,8,0.0,False,4.3,15.0,False,21.6,91.85,False,81.71511111111111,8.936317460317454,5.554176734764946,False,0.0,False,Friday,9,False
2023-09-09,24.7705382436261,367,False,35,238,87,7,0.0,False,2.8,15.0,False,21.9,91.85,True,81.90522222222222,9.013349206349204,5.605335786187167,False,0.0,False,Saturday,9,False
2023-09-10,25.0636604774536,386,False,38,253,84,11,0.0,False,3.2,14.8,False,21.7,91.85,True,82.09533333333333,9.090380952380968,5.649566593698543,False,0.0,False,Sunday,9,False
2023-09-11,21.2849604221636,388,False,39,299,46,4,0.0,False,3.2,14.8,False,21.3,91.97,False,82.31811111111111,9.134746031746047,5.634324559869431,False,0.0,False,Monday,9,False
2023-09-12,20.1761194029851,341,False,33,262,41,5,0.5,False,6.7,39.0,False,20.6,93.58,False,82.51511111111111,9.159174603174591,5.658611662110858,False,0.0,False,Tuesday,9,False
2023-09-13,23.5056179775281,363,False,36,281,39,7,10.1,False,6.6,39.0,False,18.5,93.04,False,82.73944444444444,9.267698412698408,5.692893926723825,False,0.0,False,Wednesday,9,False
2023-09-14,21.3297872340425,385,False,38,297,47,3,0.3,False,7.2,31.0,False,18.3,95.2,False,82.93155555555556,9.254158730158721,5.745865325569392,False,0.0,False,Thursday,9,False
2023-09-15,22.6446700507614,407,False,33,317,49,8,0.0,False,6.5,19.0,False,18.4,95.55,False,83.13644444444445,9.626412698412693,5.851131324605769,False,0.0,False,Friday,9,False
2023-09-16,21.8050847457627,364,False,38,244,76,6,0.0,False,5.1,22.0,False,18.9,95.55,True,83.34522222222222,9.94620634920635,5.955353597136058,False,0.0,False,Saturday,9,False
2023-09-17,21.3924006908463,393,False,39,261,86,7,0.0,False,5.4,20.0,False,20.8,95.55,True,83.554,10.266000000000005,6.0505024027635645,False,0.0,False,Sunday,9,False
2023-09-18,30.1725888324873,404,False,35,247,113,9,1.5,False,8.3,43.0,False,18.1,95.95,False,83.77022222222222,10.578349206349216,6.127987549819394,False,0.0,False,Monday,9,False
2023-09-19,15.9580838323353,344,False,24,279,38,3,0.1,False,10.8,30.0,False,18.2,96.11,False,83.99422222222222,10.922920634920644,6.2010290878063214,False,0.0,False,Tuesday,9,False
2023-09-20,22.4861111111111,372,False,35,287,44,6,0.0,False,5.7,27.0,False,17.0,94.56,False,84.20744444444445,11.071126984126991,6.284412241091831,False,0.0,False,Wednesday,9,False
2023-09-21,27.6403439153439,386,False,36,285,60,5,4.0,False,6.1,67.0,False,18.4,93.7,False,84.43666666666667,11.059047619047618,6.281569438185519,False,0.0,False,Thursday,9,False
2023-09-22,28.1265151515151,403,False,52,284,63,4,13.6,False,11.4,47.0,False,14.3,93.99,False,84.66044444444444,10.62098412698414,6.248391057823635,False,0.0,False,Friday,9,False
2023-09-23,19.0747126436782,357,False,39,227,86,5,0.2,False,5.7,22.0,False,12.8,93.99,True,84.88744444444445,10.171126984126985,6.21158387970704,False,0.0,False,Saturday,9,False
2023-09-24,35.3586956521739,381,True,30,158,70,20,0.1,False,11.3,51.0,False,12.2,93.99,True,85.11444444444444,9.72126984126983,6.166112375129583,False,0.0,False,Sunday,9,False
2023-09-25,19.1968911917098,391,False,37,308,42,4,0.0,False,4.4,17.0,False,12.2,94.01,False,85.33811111111112,9.27474603174602,6.1181938831663825,False,0.0,False,Monday,9,False
2023-09-26,17.6075581395349,350,False,30,277,28,15,0.0,False,3.6,13.0,False,13.1,94.46,False,85.584,8.751714285714272,6.01506886769807,False,0.0,False,Tuesday,9,False
2023-09-27,23.7945205479452,373,False,34,287,41,11,0.1,False,4.6,21.0,False,13.5,97.1,False,85.81533333333333,8.28466666666668,5.950565679842277,False,0.0,False,Wednesday,9,False
2023-09-28,21.1236842105263,386,False,40,299,40,7,0.0,False,3.5,14.8,False,16.4,96.64,False,86.07355555555556,8.389301587301588,5.930149838210229,False,0.0,False,Thursday,9,False
2023-09-29,20.3718592964824,410,False,38,275,94,3,0.0,False,7.5,38.0,False,16.9,95.86,False,86.31944444444444,8.56341269841269,5.90403277926884,False,0.0,False,Friday,9,False
2023-09-30,22.3407202216066,367,False,37,235,88,7,0.0,False,5.8,21.0,False,17.5,95.86,True,86.55666666666666,8.593333333333348,5.85289825450027,False,0.0,False,Saturday,9,False
2023-10-01,29.7178841309824,406,False,37,292,69,8,0.0,False,4.5,17.0,False,14.8,95.86,True,86.7938888888889,8.623253968253962,5.791495449198036,False,0.0,False,Sunday,10,False
2023-10-02,24.9278350515464,396,False,38,309,40,9,0.0,False,5.0,18.0,False,15.9,91.21,False,87.031,8.653285714285701,5.719739534024495,False,0.0,False,Monday,10,False
2023-10-03,15.4159292035398,343,False,22,137,178,6,0.5,False,12.4,59.0,False,17.0,94.46,False,87.19744444444444,8.086841269841273,5.618970188569167,False,0.0,False,Tuesday,10,False
2023-10-04,16.3297587131367,383,False,39,295,47,2,0.0,False,7.4,24.1,False,14.1,89.83,False,87.39433333333334,7.88995238095238,5.558553697994393,False,0.0,False,Wednesday,10,False
2023-10-05,14.1711229946524,382,False,34,297,44,7,0.0,False,3.5,17.0,False,11.7,88.28,False,87.54,6.705714285714265,5.446327079022096,False,0.0,False,Thursday,10,False
2023-10-06,20.2793017456359,417,False,33,319,59,6,0.0,False,3.8,12.0,False,11.1,87.86,False,87.64566666666666,5.405761904761917,5.365924959795955,False,0.0,False,Friday,10,False
2023-10-07,22.0642458100559,371,False,33,279,47,12,0.0,False,5.6,24.0,False,13.0,87.86,True,87.74666666666667,4.161904761904751,5.281875730832652,False,0.0,False,Saturday,10,False
2023-10-08,20.8372093023256,396,False,32,273,88,3,0.0,False,5.4,17.0,False,15.1,87.86,True,87.84766666666667,2.9180476190475986,5.194481741406126,False,0.0,False,Sunday,10,False
2023-10-09,16.3937823834197,392,False,38,303,44,7,0.0,False,7.2,24.1,False,16.3,91.37,False,87.95911111111111,1.6637460317460295,5.083553265949337,False,0.0,False,Monday,10,False
2023-10-10,15.0028735632184,355,False,28,283,42,2,0.0,False,7.1,18.5,False,16.1,90.7,False,88.09055555555557,1.555158730158709,5.0159089290499645,False,0.0,False,Tuesday,10,False
2023-10-11,15.5868421052631,388,False,35,304,45,4,0.0,False,7.0,24.0,False,15.7,87.58,False,88.20555555555555,0.9030158730158746,4.954721074273402,False,0.0,False,Wednesday,10,False
2023-10-12,15.3922651933702,371,False,38,287,42,4,0.0,False,10.6,41.0,False,16.7,88.4,False,88.27522222222223,0.511920634920628,4.900458641177008,False,0.0,False,Thursday,10,False
2023-10-13,29.0558375634518,402,False,38,312,48,4,0.0,False,10.5,50.0,False,17.3,94.33,False,88.36966666666666,0.43461904761905146,4.818455263214473,False,0.0,False,Friday,10,False
2023-10-14,25.9971751412429,359,False,6,11,334,8,8.6,False,16.4,59.0,False,16.3,94.33,True,88.53,1.1985714285714124,4.773328520911066,False,0.0,False,Saturday,10,False
2023-10-15,23.8027027027027,384,False,3,85,290,6,0.2,False,9.0,36.0,False,10.7,94.33,True,88.69033333333333,1.962523809523816,4.722269367320307,False,0.0,False,Sunday,10,False
2023-10-16,30.2301587301587,384,True,35,158,45,5,0.0,False,11.9,36.0,False,7.3,90.99,False,88.874,2.703142857142879,4.614163782933363,False,0.0,False,Monday,10,False
2023-10-17,14.4529411764706,352,False,26,284,37,5,0.0,False,6.7,19.0,False,5.8,92.52,False,89.00122222222222,2.5216349206349236,4.510602198959357,False,0.0,False,Tuesday,10,False
2023-10-18,13.7527777777778,373,False,34,289,47,3,0.0,False,7.9,23.0,False,8.2,91.99,False,89.14722222222223,2.6356349206349137,4.407154303083741,False,0.0,False,Wednesday,10,False
2023-10-19,17.0053908355795,383,False,39,290,47,7,0.9,False,7.1,26.0,False,12.7,93.12,False,89.28466666666667,3.128190476190497,4.298237213797173,False,0.0,False,Thursday,10,False
2023-10-20,24.987146529563,398,False,13,172,195,18,3.7,False,11.9,44.0,False,13.4,93.72,False,89.41866666666667,3.66847619047617,4.226334826704949,False,0.0,False,Friday,10,False
2023-10-21,18.7824858757062,366,False,39,213,108,6,1.3,False,9.4,47.0,False,12.5,93.72,True,89.55933333333334,3.440666666666658,4.1550875273036,False,0.0,False,Saturday,10,False
2023-10-22,14.008,385,False,32,255,92,6,0.0,False,5.6,22.2,False,10.2,93.72,True,89.7,3.212857142857132,4.077692947646283,False,0.0,False,Sunday,10,False
2023-10-23,20.0906735751295,390,False,34,303,46,7,0.0,False,9.2,26.0,False,10.1,91.88,False,89.82433333333334,3.0013809523809414,4.02689666388105,False,0.0,False,Monday,10,False
2023-10-24,13.036036036036,342,False,28,269,41,4,7.3,False,5.7,20.0,False,10.5,88.0,False,89.9178888888889,3.0349682539682448,3.9748480274661393,False,0.0,False,Tuesday,10,False
2023-10-25,17.9828080229226,353,False,37,255,56,5,0.8,False,10.4,57.0,False,11.3,90.14,False,89.97366666666667,2.3334761904761763,3.9111079064867322,False,0.0,False,Wednesday,10,False
2023-10-26,25.0535211267606,360,False,7,112,231,10,10.8,False,10.8,50.0,False,12.1,88.45,False,90.03877777777778,2.0040793650793773,3.8637473304049945,False,0.0,False,Thursday,10,False
2023-10-27,29.9898841354724,382,False,0,4,362,16,14.2,False,14.3,50.0,False,11.0,90.73,False,90.08277777777778,1.292936507936517,3.822172753396582,False,0.0,False,Friday,10,False
2023-10-28,17.7044776119403,337,False,33,238,61,5,1.0,False,12.9,74.0,False,11.7,90.73,True,90.15211111111111,0.7964603174603155,3.7758970939265937,False,0.0,False,Saturday,10,False
2023-10-29,15.4738461538462,328,False,42,230,51,5,0.0,False,7.7,23.0,False,10.3,90.73,True,90.22144444444444,0.29998412698412835,3.7277434090677923,False,0.0,False,Sunday,10,False
2023-10-30,19.7453416149068,331,False,35,283,9,4,7.5,False,5.8,30.0,False,9.0,90.73,False,90.28266666666667,-0.18838095238096741,3.689732428410166,False,0.0,False,Monday,10,False
2023-10-31,12.3601398601399,295,False,12,90,188,5,1.5,False,16.5,50.0,False,10.4,86.82,False,90.34255555555555,-0.41255555555555645,3.652157300325417,False,0.0,False,Tuesday,10,False
2023-11-01,11.4280701754386,291,False,33,205,48,5,0.0,False,8.3,43.0,False,8.1,86.92,False,90.37377777777778,-0.612349206349208,3.609170460194379,False,0.0,False,Wednesday,11,False
2023-11-02,17.5182724252492,307,False,27,163,112,5,8.9,False,9.1,30.0,False,7.2,89.02,False,90.3818888888889,-1.0804603174603216,3.600472158314744,False,0.0,False,Thursday,11,False
2023-11-03,13.2439024390244,333,False,34,263,32,4,4.0,False,7.2,24.1,False,5.8,87.55,False,90.40011111111112,-1.0172539682539679,3.589241256381004,False,0.0,False,Friday,11,False
2023-11-04,16.6275862068966,294,False,48,220,21,5,11.9,False,11.0,48.0,False,6.2,87.55,True,90.402,-1.4734285714285704,3.5876784143088267,False,0.0,False,Saturday,11,False
2023-11-05,22.3954983922829,318,False,0,0,306,12,4.3,False,22.2,69.0,False,9.3,87.55,True,90.40388888888889,-1.9296031746031588,3.586113885044295,False,0.0,False,Sunday,11,False
2023-11-06,16.1392405063291,323,False,11,97,207,8,2.8,False,18.1,59.0,False,10.0,87.31,False,90.41588888888889,-2.3958888888888907,3.574590695338994,False,0.0,False,Monday,11,False
2023-11-07,10.0250896057348,280,False,28,216,33,3,0.5,False,10.2,60.0,False,7.2,83.43,False,90.40822222222222,-2.876793650793644,3.5805653868336744,False,0.0,False,Tuesday,11,False
2023-11-08,10.6722408026756,304,False,27,251,24,2,0.0,False,7.8,32.0,False,6.0,81.46,False,90.3428888888889,-3.2957460317460345,3.6537271241338076,False,0.0,False,Wednesday,11,False
2023-11-09,15.4917491749175,305,False,30,247,25,3,3.8,False,9.3,42.0,False,4.8,81.74,False,90.27644444444445,-4.009301587301593,3.7599409244440305,False,0.0,False,Thursday,11,False
2023-11-10,14.0738461538461,332,False,8,98,216,10,9.1,False,12.6,42.0,False,7.2,83.66,False,90.20766666666667,-4.9805238095238025,3.858663403100892,False,0.0,False,Friday,11,False
2023-11-11,10.5371024734982,285,False,11,114,154,6,2.1,False,13.2,57.0,False,6.4,83.66,True,90.16022222222222,-5.488793650793653,3.9128537755922794,False,0.0,False,Saturday,11,False
2023-11-12,17.0582524271845,313,False,33,162,113,5,27.9,False,10.2,45.0,False,4.4,83.66,True,90.11277777777778,-5.997063492063489,3.9657298881254217,False,0.0,False,Sunday,11,False
2023-11-13,17.073482428115,317,False,0,55,251,11,7.0,False,24.1,66.0,False,12.4,84.09,False,90.07122222222222,-6.51122222222223,4.01377958777997,False,0.0,False,Monday,11,False
2023-11-14,11.1386861313869,276,False,32,199,42,3,33.6,False,20.8,68.0,False,10.9,84.2,False,90.04688888888889,-6.9468888888888785,4.043549904504146,False,0.0,False,Tuesday,11,False
2023-11-15,11.7059368191721,312,False,5,133,169,5,3.6,False,12.4,50.0,False,8.8,82.4,False,90.04366666666667,-6.833666666666659,4.048140771745521,False,0.0,False,Wednesday,11,False
2023-11-16,17.0138408304498,295,True,31,184,52,1,8.6,False,14.6,90.0,False,6.8,77.73,False,90.01211111111111,-6.667825396825407,4.096783198045576,False,0.0,False,Thursday,11,False
2023-11-17,18.1882352941176,351,False,4,92,243,12,2.3,False,17.1,82.0,False,7.0,81.22,False,89.9211111111111,-7.14968253968253,4.275751972617113,False,0.0,False,Friday,11,False
2023-11-18,15.6309963099631,274,False,35,193,42,4,0.3,False,5.5,24.0,False,4.2,81.22,True,89.86888888888889,-7.446031746031736,4.353169952942834,False,0.0,False,Saturday,11,False
2023-11-19,19.1307189542484,312,False,15,38,254,5,8.0,False,15.8,61.0,False,10.7,81.22,True,89.81666666666666,-7.742380952380955,4.428612281694614,False,0.0,False,Sunday,11,False
2023-11-20,17.7894736842105,320,False,19,190,103,8,0.0,False,10.7,37.0,False,9.7,83.25,False,89.76977777777779,-8.0440634920635,4.497279571648998,False,0.0,False,Monday,11,False
2023-11-21,9.35521235521236,265,False,22,226,15,2,4.4,False,7.8,24.1,False,7.4,82.42,False,89.75366666666667,-8.14795238095239,4.5181942922947345,False,0.0,False,Tuesday,11,False
2023-11-22,10.8913857677903,281,False,27,226,22,6,1.1,False,9.8,32.0,False,4.6,81.76,False,89.73677777777777,-8.385349206349204,4.542942873299839,False,0.0,False,Wednesday,11,False
2023-11-23,12.7031802120141,292,False,21,244,26,1,0.0,False,6.1,22.0,False,2.6,80.85,False,89.71111111111111,-8.451111111111103,4.58167906135151,False,0.0,False,Thursday,11,False
2023-11-24,16.0156739811912,325,False,0,35,282,8,4.3,False,15.4,54.0,False,5.1,79.82,False,89.66033333333334,-7.954619047619062,4.654516098625394,False,0.0,False,Friday,11,False
2023-11-25,16.6825396825397,257,False,11,57,184,5,1.2,False,14.1,38.9,False,1.7,79.82,True,89.59811111111111,-8.092396825396833,4.74832386617434,True,1.2,False,Saturday,11,False
2023-11-26,17.0,311,False,28,211,70,2,0.2,False,8.6,34.0,False,1.9,79.82,True,89.53588888888888,-8.23017460317459,4.839505011007222,True,0.2,False,Sunday,11,False
2023-11-27,18.4046052631579,307,False,24,220,60,3,4.8,False,9.8,41.0,False,2.0,79.49,False,89.47366666666667,-8.367952380952389,4.928205327785408,False,0.0,False,Monday,11,False
2023-11-28,14.015625,259,False,4,78,170,7,9.1,False,17.2,55.0,False,3.3,81.66,False,89.39722222222223,-8.828650793650795,5.029213986385195,False,0.0,False,Tuesday,11,False
2023-11-29,17.6678082191781,297,False,29,240,27,1,0.0,False,7.0,28.0,False,0.4,82.98,False,89.34211111111111,-8.8821111111111,5.0868355087556285,False,0.0,False,Wednesday,11,False
2023-11-30,70.3198529411765,278,False,42,205,27,4,24.2,False,4.9,14.8,False,0.1,81.72,False,89.29422222222223,-8.659936507936521,5.126504816681562,True,24.2,False,Thursday,11,False
2023-12-01,41.1948881789137,311,False,46,261,4,0,29.1,False,5.7,19.0,False,0.8,78.72,False,89.20244444444444,-8.443873015873024,5.18766261390994,True,29.1,False,Friday,12,False
2023-12-02,78.323275862069,245,False,37,111,92,5,9.0,False,8.1,21.0,False,-0.7,78.72,True,89.07733333333333,-8.475904761904772,5.303192127537592,True,9.0,False,Saturday,12,False
2023-12-03,42.5573770491803,312,False,36,235,40,1,0.0,False,5.3,14.0,False,-8.2,78.72,True,88.95222222222222,-8.507936507936506,5.413334717071807,False,0.0,False,Sunday,12,False
2023-12-04,25.7845117845118,305,False,29,244,30,2,0.1,False,5.3,33.0,False,-4.6,78.16,False,88.82222222222221,-8.535079365079355,5.517180679178035,True,0.1,False,Monday,12,False
2023-12-05,15.6768060836502,266,False,25,157,81,3,3.0,False,14.2,45.0,False,2.6,77.27,False,88.67677777777777,-8.579634920634916,5.623966737115238,False,0.0,False,Tuesday,12,False
2023-12-06,15.5308219178082,298,False,27,241,28,2,0.9,False,10.7,36.0,False,3.2,74.33,False,88.51544444444444,-9.045444444444442,5.740709183984593,False,0.0,False,Wednesday,12,False
2023-12-07,20.2097902097902,298,False,31,238,26,3,0.0,False,4.6,21.0,False,0.5,74.21,False,88.32844444444444,-10.094158730158725,5.924759495637992,False,0.0,False,Thursday,12,False
2023-12-08,18.7015873015873,322,False,35,255,29,3,3.6,False,7.0,18.0,False,3.0,75.94,False,88.13244444444445,-10.971015873015872,6.096249226509235,False,0.0,False,Friday,12,False
2023-12-09,12.9645669291339,257,False,31,185,36,5,16.4,False,12.1,66.0,False,5.5,75.94,True,87.95566666666667,-11.191380952380968,6.216724100306366,False,0.0,False,Saturday,12,False
2023-12-10,17.1666666666667,318,False,27,207,83,1,3.1,False,19.4,60.0,False,7.9,75.94,True,87.77888888888889,-11.411746031746034,6.329917805605541,False,0.0,False,Sunday,12,False
2023-12-11,19.7854889589905,320,False,34,253,29,4,12.4,False,16.8,62.0,False,9.3,75.75,False,87.60077777777778,-11.63077777777778,6.4353118583415725,False,0.0,False,Monday,12,False
2023-12-12,12.063829787234,285,False,28,236,15,6,20.7,False,10.8,44.0,False,8.9,74.11,False,87.40266666666666,-11.77695238095238,6.52302383868129,False,0.0,False,Tuesday,12,False
2023-12-13,15.225,287,False,31,225,27,4,6.1,False,12.1,38.0,False,7.6,74.14,False,87.19233333333334,-12.018047619047621,6.643294845518966,False,0.0,False,Wednesday,12,False
2023-12-14,13.8295819935691,316,False,26,260,28,2,1.0,False,9.4,24.0,False,6.0,77.05,False,86.95833333333333,-11.811190476190475,6.728425571718979,False,0.0,False,Thursday,12,False
2023-12-15,18.7692307692308,342,False,32,279,29,2,0.0,False,4.6,30.0,False,3.9,76.84,False,86.75277777777778,-11.19992063492063,6.745566838490223,False,0.0,False,Friday,12,False
2023-12-16,31.4452830188679,283,False,31,237,2,13,0.0,False,4.4,15.0,False,0.1,76.84,True,86.54488888888889,-10.863460317460323,6.759695698962825,False,0.0,False,Saturday,12,False
2023-12-17,20.0034246575342,315,False,27,237,42,9,0.0,False,4.8,17.0,False,0.2,76.84,True,86.337,-10.527000000000015,6.767340182529043,False,0.0,False,Sunday,12,False
2023-12-18,22.4788273615635,319,False,24,284,4,7,0.0,False,6.3,17.0,False,0.7,78.89,False,86.12466666666667,-10.186095238095234,6.762129376747391,False,0.0,False,Monday,12,False
2023-12-19,18.0287769784173,292,False,27,249,11,5,0.0,False,8.4,25.0,False,2.2,79.82,False,85.93333333333332,-9.54619047619046,6.719908205633452,False,0.0,False,Tuesday,12,False
2023-12-20,20.3483870967742,316,False,15,145,150,6,2.2,False,9.5,46.0,False,4.2,81.1,False,85.76955555555556,-8.566698412698415,6.6868369625929756,False,0.0,False,Wednesday,12,False
2023-12-21,30.4642857142857,313,False,0,2,303,8,1.4,False,30.9,94.0,False,6.7,80.73,False,85.62955555555556,-7.432412698412705,6.650737884400222,False,0.0,False,Thursday,12,False
2023-12-22,32.2083333333333,344,False,0,1,336,7,14.0,False,29.4,81.0,False,7.8,80.23,False,85.48222222222222,-6.759365079365082,6.6101989257289375,False,0.0,False,Friday,12,False
2023-12-23,29.190625,327,False,0,1,318,8,0.5,False,26.8,66.0,False,7.5,80.23,True,85.32933333333332,-6.122190476190454,6.570217755015414,False,0.0,False,Saturday,12,False
2023-12-24,22.4963503649635,279,False,0,18,254,7,7.1,False,16.0,53.0,False,7.4,80.23,True,85.17644444444444,-5.485015873015868,6.526370932843453,False,0.0,False,Sunday,12,False
2023-12-25,12.0863309352518,281,False,7,74,196,4,0.3,False,9.2,34.0,False,7.7,80.23,True,85.02333333333333,-4.847619047619034,6.4782685993210505,False,0.0,True,Monday,12,False
2023-12-26,14.263698630137,298,False,32,211,54,1,0.0,False,11.3,37.0,False,4.8,80.23,True,84.86522222222222,-4.498079365079349,6.4187438352046655,False,0.0,True,Tuesday,12,False
2023-12-27,19.328813559322,301,False,34,239,27,1,0.0,False,4.4,18.0,False,1.7,80.97,False,84.67777777777778,-4.252063492063485,6.3027170488019575,False,0.0,False,Wednesday,12,False
2023-12-28,19.7185430463576,308,False,35,244,27,2,0.0,False,9.0,32.0,False,4.1,79.04,False,84.50366666666666,-4.096523809523802,6.183870002049904,False,0.0,False,Thursday,12,False
2023-12-29,14.5974842767295,325,False,35,253,36,1,1.4,False,9.8,42.0,False,8.5,77.69,False,84.31677777777779,-4.1510634920635,6.0902611201709345,False,0.0,False,Friday,12,False
2023-12-30,21.1512027491409,294,False,27,209,55,3,0.0,False,6.4,32.0,False,6.3,77.69,True,84.11488888888888,-4.312031746031735,6.003860040072525,False,0.0,False,Saturday,12,False
2023-12-31,19.7490774907749,276,False,14,166,87,9,2.4,False,9.8,63.0,False,2.1,77.69,True,83.913,-4.472999999999985,5.90922635100581,False,0.0,False,Sunday,12,False
2024-01-01,14.6082474226804,296,False,29,183,80,4,1.3,False,14.9,53.0,False,4.9,77.69,True,83.76277777777777,-4.685634920634925,5.893469634442063,False,0.0,True,Monday,1,False
2024-01-02,22.5758620689655,296,False,2,4,285,5,9.3,False,21.3,73.0,False,6.3,76.24,False,83.57644444444445,-4.86215873015874,5.816055714134662,False,0.0,True,Tuesday,1,False
2024-01-03,18.9824561403509,287,False,0,0,281,6,7.6,False,30.5,76.0,False,10.2,77.18,False,83.42544444444444,-5.281158730158722,5.828275933932207,False,0.0,False,Wednesday,1,False
2024-01-04,16.047138047138,304,False,6,87,207,4,4.9,False,20.6,68.0,False,6.8,75.79,False,83.30211111111112,-5.69925396825397,5.841822382747227,False,0.0,False,Thursday,1,False
2024-01-05,12.5858895705521,331,False,30,261,36,4,2.1,False,4.5,14.8,False,3.9,78.31,False,83.16799999999999,-6.029428571428554,5.874465636707727,False,0.0,False,Friday,1,False
2024-01-06,20.6785714285714,320,False,33,221,65,1,13.5,False,4.7,14.0,False,3.8,78.31,True,83.06188888888889,-5.834746031746022,5.875012578412951,False,0.0,False,Saturday,1,False
2024-01-07,19.8343558282208,333,False,30,231,71,1,6.5,False,11.2,40.0,False,2.1,78.31,True,82.95577777777778,-5.64006349206349,5.873621277913705,False,0.0,False,Sunday,1,False
2024-01-08,30.9694812362031,306,True,26,0,29,1,0.1,False,22.2,48.0,False,-1.9,75.47,False,82.81066666666666,-5.4063809523809425,5.824529647789909,True,0.1,False,Monday,1,False
2024-01-09,16.5873015873016,257,True,24,81,15,4,0.1,False,17.1,40.0,False,-3.3,77.97,False,82.64144444444445,-5.55430158730158,5.813974362700915,True,0.1,False,Tuesday,1,False
2024-01-10,15.3186813186813,284,False,29,232,22,1,0.7,False,9.6,22.0,False,-2.9,78.46,False,82.53466666666667,-5.200380952380954,5.81050138044395,True,0.7,False,Wednesday,1,False
2024-01-11,13.2384615384615,265,False,23,218,22,2,0.0,False,10.9,26.0,False,-2.6,80.21,False,82.42422222222223,-4.907079365079369,5.792201649637958,False,0.0,False,Thursday,1,False
2024-01-12,12.3367003367003,310,False,31,253,24,2,0.0,False,7.7,17.0,False,-3.0,79.89,False,82.26733333333334,-4.118761904761911,5.655716368459062,False,0.0,False,Friday,1,False
2024-01-13,11.9015748031496,258,False,24,183,47,4,0.0,False,9.4,26.0,False,-2.9,79.89,True,82.10688888888889,-3.7326031746031703,5.5126833622738145,False,0.0,False,Saturday,1,False
2024-01-14,14.4954682779456,337,False,27,218,90,2,0.0,False,12.2,29.0,False,-1.9,79.89,True,81.94644444444445,-3.346444444444444,5.360985426586828,False,0.0,False,Sunday,1,False
2024-01-15,20.4186746987952,345,False,21,173,147,4,0.0,False,11.1,41.0,False,0.3,79.76,False,81.8231111111111,-2.9973968253968195,5.277627924018141,False,0.0,False,Monday,1,True
2024-01-16,17.4767441860465,271,False,27,225,16,3,0.5,False,5.0,16.7,False,-2.2,80.15,False,81.68133333333333,-2.242761904761906,5.1570532479560205,True,0.5,False,Tuesday,1,True
2024-01-17,19.5751879699248,277,False,35,213,26,3,23.7,False,10.3,35.0,False,3.9,78.88,False,81.54977777777778,-1.799777777777777,5.040834819789883,False,0.0,False,Wednesday,1,True
2024-01-18,24.4801324503311,312,False,9,84,208,11,9.6,False,15.5,64.0,False,6.4,81.04,False,81.39155555555556,-1.5815555555555676,4.894959551798104,False,0.0,False,Thursday,1,True
2024-01-19,27.6138328530259,372,False,31,305,32,4,0.3,False,8.4,24.0,False,-2.1,80.71,False,81.25066666666667,-1.322095238095244,4.715313994573686,True,0.3,False,Friday,1,True
2024-01-20,20.7670682730924,255,False,33,157,65,0,0.0,False,6.9,26.0,False,-4.7,80.71,True,81.10611111111112,-1.060396825396822,4.524303831095089,False,0.0,False,Saturday,1,False
2024-01-21,19.0034602076125,296,False,25,190,78,3,0.0,False,8.1,22.0,False,-3.6,80.71,True,80.96155555555555,-0.798698412698414,4.3199770887641895,False,0.0,False,Sunday,1,False
2024-01-22,15.9754385964912,292,False,24,174,92,2,11.9,False,16.9,53.7,False,2.9,81.7,False,80.83744444444444,-0.5574444444444424,4.160272938624587,False,0.0,False,Monday,1,False
2024-01-23,6.28033472803347,243,False,19,162,61,1,1.9,False,15.1,55.0,False,7.0,82.04,False,80.76744444444444,-0.21030158730158632,4.090824636274569,False,0.0,False,Tuesday,1,False
2024-01-24,10.9467680608365,271,False,0,2,264,5,2.9,False,24.5,69.0,False,11.4,82.15,False,80.67744444444445,0.1496984126983989,3.969613391051314,False,0.0,False,Wednesday,1,False
2024-01-25,8.64206642066421,275,False,26,229,18,2,8.2,False,6.1,31.5,False,9.6,82.33,False,80.60744444444444,0.6868412698412811,3.885671911619793,False,0.0,False,Thursday,1,False
2024-01-26,13.4343434343434,305,False,27,249,28,1,1.4,False,6.6,29.6,False,8.6,83.34,False,80.5141111111111,0.9644603174603219,3.737869937934684,False,0.0,False,Friday,1,False
2024-01-27,15.452,254,False,31,158,65,0,0.0,False,8.2,26.0,False,4.4,83.34,True,80.432,1.4222857142857208,3.5891428665993406,False,0.0,False,Saturday,1,False
2024-01-28,13.4703832752613,297,False,25,218,49,5,0.0,False,6.4,18.0,False,0.8,83.34,True,80.34988888888888,1.8801111111111197,3.431994373652303,False,0.0,False,Sunday,1,False
2024-01-29,13.3886925795053,289,False,26,252,8,3,0.0,False,4.0,13.0,False,-0.3,83.99,False,80.26777777777778,2.3379365079365044,3.2652087628015796,False,0.0,False,Monday,1,False
2024-01-30,9.22821576763485,250,False,22,211,15,2,0.0,False,4.4,17.0,False,2.7,84.14,False,80.23633333333333,2.6965238095238107,3.2146359292010724,False,0.0,False,Tuesday,1,False
2024-01-31,11.7453874538745,279,False,26,229,23,1,0.0,False,5.9,14.0,False,4.1,82.98,False,80.20544444444444,3.0274126984127037,3.1626276804582276,False,0.0,False,Wednesday,1,False
2024-02-01,12.5928853754941,260,False,28,206,24,2,1.8,False,8.8,29.0,False,5.7,82.2,False,80.13833333333334,3.213095238095235,3.034989680304971,False,0.0,False,Thursday,2,False
2024-02-02,10.6555183946488,309,False,31,251,23,4,0.0,False,6.0,20.0,False,6.1,79.54,False,80.0788888888889,3.253968253968239,2.939068661032659,False,0.0,False,Friday,2,False
2024-02-03,15.45703125,261,False,35,155,69,2,0.0,False,10.6,29.0,False,5.3,79.54,True,79.98988888888888,2.800111111111107,2.8295255069117755,False,0.0,False,Saturday,2,False
2024-02-04,12.2785234899329,303,False,29,204,68,2,0.0,False,9.1,29.6,False,5.7,79.54,True,79.90088888888889,2.3462539682539756,2.7126158213547993,False,0.0,False,Sunday,2,False
2024-02-05,10.6554054054054,299,False,28,244,24,3,0.0,False,8.4,25.0,False,4.6,79.3,False,79.81455555555556,1.8897301587301598,2.5952675864351122,False,0.0,False,Monday,2,False
2024-02-06,14.011583011583,266,False,5,89,170,2,0.0,False,11.7,40.0,False,3.5,80.46,False,79.76866666666666,1.2656190476190545,2.5669805635201812,False,0.0,False,Tuesday,2,False
2024-02-07,13.5241635687732,273,False,28,212,31,2,3.6,False,20.0,65.0,False,6.8,81.18,False,79.75755555555556,0.7510158730158878,2.561736292822663,False,0.0,False,Wednesday,2,False
2024-02-08,11.8823529411765,294,False,35,212,44,3,2.0,False,18.1,56.0,False,9.1,83.01,False,79.75133333333333,0.5000952380952413,2.5575436776189373,False,0.0,False,Thursday,2,False
2024-02-09,12.3238095238095,324,False,41,247,33,3,6.3,False,8.2,54.0,False,8.9,83.58,False,79.74411111111111,0.6230317460317565,2.5472791805135757,False,0.0,False,Friday,2,False
2024-02-10,21.0610169491525,300,False,46,216,24,14,0.0,False,8.2,32.0,False,8.2,83.58,True,79.74322222222223,1.2010634920634828,2.545910943913659,False,0.0,False,Saturday,2,False
2024-02-11,13.0358306188925,311,False,32,115,160,4,2.0,False,19.5,48.0,False,6.9,83.58,True,79.74233333333333,1.7790952380952518,2.544541657587524,False,0.0,False,Sunday,2,False
2024-02-12,10.0810810810811,299,False,35,237,26,1,3.0,False,8.3,41.0,False,6.4,83.88,False,79.73666666666666,2.3619047619047677,2.535301768268825,False,0.0,False,Monday,2,False
2024-02-13,7.26254826254826,264,False,21,222,17,4,0.0,False,5.0,21.0,False,5.5,84.72,False,79.73311111111111,3.019746031746024,2.529188991320142,False,0.0,False,Tuesday,2,False
2024-02-14,8.54044117647059,280,False,22,233,23,2,0.0,False,8.7,25.0,False,7.6,84.41,False,79.75888888888889,3.602539682539671,2.5681976561405855,False,0.0,False,Wednesday,2,False
2024-02-15,9.38926174496644,300,False,26,247,26,1,0.0,False,5.7,16.0,False,7.1,84.33,False,79.83311111111112,3.989746031746023,2.605164552782296,False,0.0,False,Thursday,2,False
2024-02-16,15.6875,337,False,22,225,88,2,0.0,False,8.4,28.0,False,9.8,84.88,False,79.86766666666666,4.1437619047619165,2.6441022137695684,False,0.0,False,Friday,2,False
2024-02-17,19.0714285714286,309,False,41,208,56,4,2.8,False,5.9,23.0,False,9.6,84.88,True,79.90833333333333,4.288809523809519,2.6928316202166527,False,0.0,False,Saturday,2,False
2024-02-18,16.9594004065041,338,False,34,255,45,4,1.7,False,7.9,29.0,False,8.6,84.88,True,79.949,4.433857142857136,2.740084493900695,False,0.0,False,Sunday,2,False
2024-02-19,17.878892733564,315,False,13,144,153,5,2.7,False,11.8,41.0,False,8.9,85.52,False,79.96711111111111,4.601460317460322,2.7673989915684363,False,0.0,False,Monday,2,False
2024-02-20,8.01666666666667,273,False,26,227,19,1,0.7,False,7.2,31.0,False,7.3,84.78,False,80.00155555555556,4.8013015873015945,2.8171173852103824,False,0.0,False,Tuesday,2,False
2024-02-21,11.8028169014085,293,False,25,241,25,2,0.0,False,8.3,33.0,False,6.7,84.77,False,80.0351111111111,4.776317460317458,2.8560156281823126,False,0.0,False,Wednesday,2,False
2024-02-22,15.7697160883281,319,False,35,255,27,2,24.8,False,16.7,66.0,False,9.0,85.84,False,80.07866666666666,4.784190476190474,2.8981626104932485,False,0.0,False,Thursday,2,False
2024-02-23,12.5168195718654,333,False,36,264,31,2,4.1,False,13.5,68.0,False,5.4,84.18,False,80.14555555555556,4.9330158730158615,2.960916238058094,False,0.0,False,Friday,2,False
2024-02-24,16.5566343042071,316,False,33,202,79,2,0.0,False,11.4,44.0,False,5.6,84.18,True,80.194,4.784571428571411,2.9910442353774354,False,0.0,False,Saturday,2,False
2024-02-25,13.9301587301587,321,False,40,191,88,2,0.0,False,7.3,23.0,False,5.2,84.18,True,80.24244444444444,4.6361269841269745,3.0200860584189857,False,0.0,False,Sunday,2,False
2024-02-26,15.1927710843373,335,False,40,263,29,3,0.0,False,6.2,30.0,False,7.3,84.01,False,80.29455555555556,4.484015873015878,3.047296890620037,False,0.0,False,Monday,2,False
2024-02-27,14.5,276,True,28,110,18,2,0.0,False,11.0,36.0,False,7.4,83.8,False,80.32066666666667,4.242190476190487,3.0691183084101272,False,0.0,False,Tuesday,2,False
2024-02-28,9.76094276094276,301,False,38,241,21,1,0.0,False,9.4,31.0,False,7.7,84.08,False,80.32977777777776,4.09307936507939,3.0783050121490936,False,0.0,False,Wednesday,2,False
2024-02-29,13.4501607717042,317,False,28,261,26,2,0.0,False,6.5,20.0,False,6.9,84.57,False,80.356,3.9682857142857273,3.10025399467006,False,0.0,False,Thursday,2,False
2024-03-01,15.4471299093655,337,False,46,251,34,6,4.5,False,6.2,20.0,False,5.7,84.82,False,80.421,3.7218571428571323,3.126780319841208,False,0.0,False,Friday,3,False
2024-03-02,16.5959595959596,301,True,43,221,26,10,0.0,False,6.4,27.0,False,6.1,84.82,True,80.48877777777777,3.7455079365079484,3.155476006322001,False,0.0,False,Saturday,3,False
2024-03-03,20.5907692307692,334,True,37,168,74,1,0.0,False,9.1,39.0,False,7.9,84.82,True,80.55655555555556,3.769158730158722,3.1824537071274728,False,0.0,False,Sunday,3,False
2024-03-04,11.4080996884735,329,False,35,261,32,1,0.0,False,6.5,33.0,False,6.3,86.58,False,80.63055555555556,3.7865873015872893,3.203463140476473,False,0.0,False,Monday,3,False
2024-03-05,11.8530465949821,285,False,17,195,72,1,0.1,False,7.9,30.0,False,6.4,85.82,False,80.73400000000001,4.050285714285707,3.2437895025857446,False,0.0,False,Tuesday,3,False
2024-03-06,12.8926174496644,306,False,31,247,24,4,23.6,False,8.0,24.0,False,3.4,86.59,False,80.86166666666666,4.211190476190481,3.2148924003882593,False,0.0,False,Wednesday,3,False
2024-03-07,18.223642172524,318,False,40,251,26,1,0.0,False,9.9,31.0,False,4.2,84.88,False,80.99922222222223,4.432206349206339,3.1918587546474693,False,0.0,False,Thursday,3,False
2024-03-08,19.942334322453,345,True,47,173,31,5,0.0,False,10.9,33.0,False,3.1,84.29,False,81.09855555555555,4.377158730158726,3.1716888639484417,False,0.0,False,Friday,3,False
2024-03-09,18.8655172413793,292,False,45,182,59,6,0.0,False,9.8,29.0,False,7.8,84.29,True,81.19133333333333,4.208666666666659,3.1410748178358605,False,0.0,False,Saturday,3,False
2024-03-10,17.8557692307692,317,False,9,73,229,6,6.0,False,10.0,45.0,False,7.0,84.29,True,81.28411111111112,4.0401746031745915,3.1073594753215326,False,0.0,False,Sunday,3,False
2024-03-11,13.1152647975078,333,False,37,268,26,2,0.0,False,6.9,25.9,False,6.5,83.44,False,81.37899999999999,3.869571428571433,3.0665912891740255,False,0.0,False,Monday,3,False
2024-03-12,9.9469964664311,292,False,24,230,34,4,1.6,False,7.8,34.0,False,6.7,83.66,False,81.48266666666666,3.3173333333333375,2.9744163056904243,False,0.0,False,Tuesday,3,False
2024-03-13,12.5292207792208,317,False,35,257,23,2,10.6,False,10.2,33.0,False,7.3,83.95,False,81.58844444444443,2.902984126984151,2.87807594558774,False,0.0,False,Wednesday,3,False
2024-03-14,13.6742671009772,314,False,32,251,25,6,0.0,False,4.1,15.0,False,8.0,86.16,False,81.66511111111112,2.4491746031745976,2.847561639524741,False,0.0,False,Thursday,3,False
2024-03-15,17.0321637426901,349,False,16,173,155,5,1.0,False,11.7,85.0,False,11.3,85.39,False,81.76866666666668,2.5284761904761837,2.8395743469605637,False,0.0,False,Friday,3,False
2024-03-16,15.8445229681979,286,False,5,59,214,8,12.0,False,13.9,48.0,False,9.9,85.39,True,81.86366666666666,2.590619047619043,2.8157528180915725,False,0.0,False,Saturday,3,False
2024-03-17,13.8412698412698,318,False,36,234,40,8,0.0,False,4.1,19.0,False,8.2,85.39,True,81.95866666666666,2.6527619047619027,2.788457025717985,False,0.0,False,Sunday,3,False
2024-03-18,14.9814814814815,328,False,37,265,23,3,14.5,False,7.6,22.0,False,9.2,86.47,False,82.0308888888889,2.737682539682538,2.7922580144002773,False,0.0,False,Monday,3,False
2024-03-19,9.5547703180212,289,False,27,241,19,2,0.9,False,5.6,17.0,False,9.1,87.36,False,82.10477777777777,3.096650793650795,2.8209350700024656,False,0.0,False,Tuesday,3,False
2024-03-20,7.62828947368421,310,False,30,258,20,2,0.0,False,4.0,18.0,False,9.5,85.77,False,82.17433333333334,3.555666666666667,2.872585278069482,False,0.0,False,Wednesday,3,False
2024-03-21,14.784375,326,False,28,195,99,4,3.8,False,10.2,41.0,False,11.8,84.92,False,82.23033333333333,3.7596666666666607,2.8931649207110866,False,0.0,False,Thursday,3,False
2024-03-22,12.6538461538461,345,False,34,276,33,2,0.0,False,6.7,26.0,False,12.1,84.87,False,82.28244444444445,3.5304126984127038,2.898962352567588,False,0.0,False,Friday,3,False
2024-03-23,16.6759581881533,291,False,0,0,283,8,3.8,False,20.6,76.0,False,8.5,84.87,True,82.33399999999999,3.404571428571444,2.903307219188997,False,0.0,False,Saturday,3,False
2024-03-24,13.8717948717949,316,False,1,0,299,16,9.7,False,17.6,60.0,False,5.3,84.87,True,82.38555555555557,3.2787301587301414,2.9067210419966667,False,0.0,False,Sunday,3,False
2024-03-25,14.1677215189873,319,False,40,249,26,4,0.4,False,10.9,33.0,False,6.7,86.18,False,82.43711111111111,3.1528888888888957,2.909207098605723,False,0.0,False,Monday,3,False
2024-03-26,13.7103448275862,298,False,39,237,19,3,0.0,False,8.5,33.0,False,9.5,85.91,False,82.50322222222222,3.045349206349215,2.9260449311028336,False,0.0,False,Tuesday,3,False
2024-03-27,17.4849206349206,340,False,3,66,261,10,0.0,False,13.6,55.0,False,6.5,84.94,False,82.5581111111111,2.783317460317477,2.9432439851397008,False,0.0,False,Wednesday,3,False
2024-03-28,21.811209439528,343,False,26,138,173,6,3.6,False,13.7,66.0,False,5.3,86.17,False,82.62366666666667,2.599190476190472,2.9296786072160037,False,0.0,False,Thursday,3,False
2024-03-29,15.8603988603989,360,False,48,226,85,1,0.0,False,9.4,52.0,False,10.3,86.17,True,82.7178888888889,2.6835396825396884,2.9054866711982004,False,0.0,True,Friday,3,False
2024-03-30,14.3894389438944,308,False,35,128,130,15,0.0,False,16.6,54.0,False,14.6,86.17,True,82.81211111111111,2.7750317460317575,2.8779738871968186,False,0.0,False,Saturday,3,False
2024-03-31,12.6149068322981,344,False,36,241,65,2,3.1,False,8.1,29.0,False,11.7,86.17,True,82.90633333333334,2.8665238095238124,2.8470439824857294,False,0.0,False,Sunday,3,False
2024-04-01,22.042492917847,372,False,5,65,296,6,3.1,False,14.7,61.0,False,9.3,86.17,True,83.00055555555556,2.958015873015867,2.8125842254010296,False,0.0,True,Monday,4,False
2024-04-02,17.9940298507463,354,False,0,0,351,3,0.1,False,20.6,63.0,False,9.6,87.63,False,83.1108888888889,2.846253968253947,2.738183456090347,False,0.0,False,Tuesday,4,False
2024-04-03,11.9821958456973,343,False,7,108,219,9,1.8,False,12.5,57.0,False,7.8,90.6,False,83.22699999999999,2.9758571428571514,2.7052265061255114,False,0.0,False,Wednesday,4,False
2024-04-04,15.864161849711,357,False,13,182,159,3,0.5,False,14.8,49.0,False,12.6,90.32,False,83.39155555555556,3.6198730158730257,2.6981878692529104,False,0.0,False,Thursday,4,False
2024-04-05,17.6284153005464,371,False,24,227,117,3,0.0,False,9.9,54.0,False,15.8,92.81,False,83.525,4.079285714285717,2.7407000049001478,False,0.0,False,Friday,4,False
2024-04-06,13.6079027355623,338,False,35,218,80,5,0.0,False,8.5,20.0,False,16.2,92.81,True,83.68611111111112,4.8667460317460325,2.854518867523804,False,0.0,False,Saturday,4,False
2024-04-07,14.3806818181818,357,False,37,230,87,3,0.0,False,5.4,18.5,False,16.0,92.81,True,83.84722222222223,5.654206349206348,2.955101103911289,False,0.0,False,Sunday,4,False
2024-04-08,14.5166666666667,365,False,39,263,60,3,0.0,False,7.8,28.0,False,17.1,91.73,False,84.0398888888889,6.410111111111107,2.968024536698193,False,0.0,False,Monday,4,False
2024-04-09,16.8528528528528,335,False,4,47,276,8,1.5,False,14.9,67.0,False,10.4,92.13,False,84.19277777777778,7.051507936507946,3.005998881555121,False,0.0,False,Tuesday,4,False
2024-04-10,11.5842391304348,375,True,36,259,41,4,0.0,False,9.6,32.0,False,8.1,91.57,False,84.34466666666665,7.542476190476208,3.057988323109676,False,0.0,False,Wednesday,4,False
2024-04-11,10.5628415300546,372,False,35,287,49,1,0.0,False,8.4,30.0,False,9.2,91.49,False,84.4708888888889,7.554825396825407,3.119242793611705,False,0.0,False,Thursday,4,False
2024-04-12,12.6434316353887,377,False,30,295,51,1,0.0,False,3.7,18.0,False,12.2,93.12,False,84.59977777777779,7.5930793650793476,3.167122884543341,False,0.0,False,Friday,4,False
2024-04-13,14.4383954154728,353,False,38,208,104,3,0.0,False,4.0,14.0,False,15.1,93.12,True,84.74677777777778,7.490365079365077,3.251960109965883,False,0.0,False,Saturday,4,False
2024-04-14,14.8409090909091,357,False,28,131,192,6,0.0,False,10.7,31.0,False,17.9,93.12,True,84.89377777777777,7.387650793650792,3.3280802502816678,False,0.0,False,Sunday,4,False
2024-04-15,18.6371191135734,363,False,26,145,188,4,8.7,False,14.5,66.0,False,14.9,90.84,False,85.04222222222222,7.283492063492062,3.3938251190701756,False,0.0,False,Monday,4,False
2024-04-16,16.1441176470588,347,False,0,1,343,3,5.5,False,21.4,66.0,False,7.7,91.29,False,85.161,7.037571428571425,3.407719277487876,False,0.0,False,Tuesday,4,False
2024-04-17,17.7688022284123,365,False,10,174,173,8,3.3,False,13.8,42.0,False,5.3,89.54,False,85.29888888888888,6.77968253968254,3.4017832218770705,False,0.0,False,Wednesday,4,False
2024-04-18,23.8607954545454,356,False,31,278,44,3,15.1,False,7.3,31.0,False,3.5,88.34,False,85.39333333333333,6.395238095238113,3.400207528366492,False,0.0,False,Thursday,4,False
2024-04-19,23.5755968169761,385,False,6,84,287,8,11.4,False,15.4,56.0,False,4.0,87.96,False,85.4781111111111,5.860460317460337,3.377167184160103,False,0.0,False,Friday,4,False
2024-04-20,17.9341317365269,337,False,10,117,200,10,11.2,False,9.6,32.0,False,4.4,87.96,True,85.55866666666667,5.042761904761903,3.3485009894592466,False,0.0,False,Saturday,4,False
2024-04-21,30.9418282548476,365,False,33,229,101,2,8.9,False,7.7,35.0,False,2.5,87.96,True,85.63922222222222,4.225063492063512,3.3176098841373562,False,0.0,False,Sunday,4,False
2024-04-22,19.1108179419525,386,False,44,297,45,0,1.3,False,11.8,36.0,False,2.6,87.3,False,85.70877777777778,3.4183650793650884,3.2996676127394733,False,0.0,False,Monday,4,False
2024-04-23,13.3094555873926,354,False,44,267,39,4,0.4,False,12.2,36.0,False,4.1,88.29,False,85.76722222222223,2.8542063492063505,3.2804826404908467,False,0.0,False,Tuesday,4,False
2024-04-24,14.5482954545454,363,False,5,112,239,7,0.1,False,11.3,45.0,False,4.5,89.02,False,85.83544444444445,2.3574126984126877,3.2682342967162237,False,0.0,False,Wednesday,4,False
2024-04-25,16.5044510385757,343,False,35,214,90,4,0.1,False,9.2,40.0,False,5.4,88.1,False,85.90977777777778,2.2087936507936377,3.2636861278435783,False,0.0,False,Thursday,4,False
2024-04-26,18.1735751295337,392,False,29,176,184,3,0.0,False,5.6,28.0,False,7.1,89.95,False,85.96266666666666,2.121619047619035,3.2601408944538472,False,0.0,False,Friday,4,False
2024-04-27,17.5204678362573,348,True,62,216,31,12,0.0,False,9.8,41.0,False,11.1,89.95,True,86.03611111111111,2.332460317460317,3.2748156117392795,False,0.0,False,Saturday,4,False
2024-04-28,14.8689458689459,359,False,0,9,343,7,0.0,False,14.0,54.0,False,11.4,89.95,True,86.10955555555554,2.5433015873015847,3.287766193303231,False,0.0,False,Sunday,4,False
2024-04-29,12.3324175824176,369,False,43,280,44,2,0.0,False,6.8,29.0,False,12.6,88.44,False,86.17577777777777,2.7613650793650777,3.3045746221281442,False,0.0,False,Monday,4,False
2024-04-30,11.2954545454545,359,False,37,271,47,4,0.0,False,7.2,41.0,False,15.5,88.23,False,86.22355555555555,2.8764444444444592,3.3058950788197534,False,0.0,False,Tuesday,4,False
2024-05-01,16.2011494252874,356,True,59,234,47,5,0.0,False,9.3,39.0,False,16.5,83.55,False,86.28188888888889,2.809539682539679,3.2943171683215295,False,0.0,True,Wednesday,5,False
2024-05-02,19.7260952380952,361,False,9,153,193,6,0.0,False,12.8,69.0,False,13.2,84.81,False,86.29688888888889,2.0131111111111295,3.278558070437111,False,0.0,False,Thursday,5,False
2024-05-03,16.4262295081967,368,False,8,110,246,4,0.1,False,11.9,39.0,False,10.6,83.6,False,86.35544444444444,1.4845555555555592,3.2027071277783006,False,0.0,False,Friday,5,False
2024-05-04,12.0462427745665,356,False,34,229,87,6,0.0,False,5.5,24.0,False,12.6,83.6,True,86.40055555555554,0.5323015873016033,3.1334757816858594,False,0.0,False,Saturday,5,False
2024-05-05,17.6391184573003,373,False,35,239,96,3,1.3,False,14.3,51.0,False,15.4,83.6,True,86.44566666666667,-0.41995238095236687,3.0620078783693256,False,0.0,False,Sunday,5,False
2024-05-06,13.8790322580645,377,False,40,288,46,3,10.5,False,7.8,31.0,False,13.0,83.6,True,86.49344444444445,-1.3748730158730353,2.981753937169785,False,0.0,False,Monday,5,False
2024-05-07,12.7188405797101,350,False,30,277,34,9,10.1,False,4.6,18.0,False,11.3,82.69,False,86.52833333333334,-2.1011904761904816,2.92825493533212,False,0.0,False,Tuesday,5,False
2024-05-08,18.6370558375635,403,False,42,309,50,2,0.3,False,8.6,34.0,False,12.5,82.44,False,86.54511111111111,-2.90939682539684,2.9014700824247317,False,0.0,False,Wednesday,5,False
2024-05-09,21.8314917127072,368,True,34,86,83,3,0.0,False,14.8,43.0,False,13.7,83.27,False,86.53877777777778,-3.0616349206349156,2.909883131279958,False,0.0,True,Thursday,5,False
2024-05-10,14.1084010840108,379,False,33,295,46,5,0.0,False,11.1,30.0,False,14.6,83.39,False,86.53533333333334,-3.2781904761904883,2.913605897482959,False,0.0,False,Friday,5,False
2024-05-11,11.5419161676647,338,False,28,203,105,2,0.0,False,6.3,22.2,False,15.6,83.39,True,86.53322222222222,-3.30607936507937,2.915839281255424,False,0.0,False,Saturday,5,False
2024-05-12,21.1901041666667,398,False,40,237,120,1,0.0,False,5.0,17.0,False,16.9,83.39,True,86.53111111111112,-3.3339682539682656,2.9180694112107726,False,0.0,False,Sunday,5,False
2024-05-13,16.5729442970822,386,False,38,296,47,5,0.0,False,5.4,22.2,False,17.5,83.18,False,86.52566666666667,-3.358523809523817,2.923523366831413,False,0.0,False,Monday,5,False
2024-05-14,13.3844011142061,369,False,40,271,55,3,0.0,False,8.9,50.0,False,16.8,81.0,False,86.50855555555555,-3.4014126984126847,2.9386779726980583,False,0.0,False,Tuesday,5,False
2024-05-15,16.9947368421053,386,False,37,298,49,2,0.4,False,7.7,61.0,False,14.7,79.98,False,86.47066666666666,-3.604952380952369,2.9876144329556316,False,0.0,False,Wednesday,5,False
2024-05-16,16.4394736842105,388,False,43,290,51,4,12.2,False,8.9,36.0,False,12.7,81.65,False,86.42233333333334,-3.908047619047622,3.0570158945906862,False,0.0,False,Thursday,5,False
2024-05-17,24.6501240694789,420,False,40,264,115,1,23.8,False,14.8,38.9,False,12.5,82.24,False,86.38644444444444,-4.103587301587297,3.0940614779716307,False,0.0,False,Friday,5,False
2024-05-18,17.6103151862464,356,False,34,147,169,6,3.0,False,8.5,38.0,False,13.8,82.24,True,86.35711111111111,-4.238539682539681,3.1209017151474545,False,0.0,False,Saturday,5,False
2024-05-19,16.5961538461538,369,False,31,138,196,4,0.1,False,7.8,28.0,False,14.6,82.24,True,86.32777777777778,-4.3734920634920655,3.1472366255230244,False,0.0,False,Sunday,5,False
2024-05-20,16.8368983957219,381,False,50,241,86,4,0.0,False,8.1,27.8,False,16.7,81.91,False,86.29133333333334,-4.501333333333349,3.1755591209016925,False,0.0,True,Monday,5,False
2024-05-21,18.5190217391304,375,False,35,292,46,2,13.8,False,10.7,49.0,False,14.2,81.22,False,86.25944444444445,-4.650873015873032,3.205178520896511,False,0.0,False,Tuesday,5,False
2024-05-22,22.7052631578947,388,False,6,77,298,7,1.3,False,9.4,32.0,False,14.6,79.9,False,86.22,-4.579999999999998,3.245307069836838,False,0.0,False,Wednesday,5,False
2024-05-23,18.038961038961,391,False,36,300,54,1,19.1,False,6.7,28.0,False,12.6,79.25,False,86.154,-4.525428571428577,3.3128207879447085,False,0.0,False,Thursday,5,False
2024-05-24,23.0719602977667,411,False,32,289,82,8,1.8,False,6.0,67.0,False,13.0,78.92,False,86.09922222222222,-4.813507936507932,3.3857833069694117,False,0.0,False,Friday,5,False
2024-05-25,18.9941176470588,344,False,39,252,35,18,0.0,False,5.8,24.0,False,13.6,78.92,True,86.04077777777778,-5.229349206349212,3.463784456206263,False,0.0,False,Saturday,5,False
2024-05-26,20.7333333333333,397,False,38,227,129,3,0.1,False,5.2,31.0,False,15.4,78.92,True,85.98233333333333,-5.645190476190464,3.539091500892615,False,0.0,False,Sunday,5,False
2024-05-27,20.1569620253164,403,False,36,316,48,3,18.2,False,5.5,26.0,False,14.9,78.92,True,85.92577777777777,-6.06292063492063,3.610905136544516,False,0.0,False,Monday,5,False
2024-05-28,12.5405405405405,378,False,34,295,44,5,4.4,False,7.8,26.0,False,15.1,81.34,False,85.87155555555556,-6.435841269841262,3.6791791680776393,False,0.0,False,Tuesday,5,False
2024-05-29,15.0286458333333,386,False,15,213,152,6,3.4,False,6.4,30.0,False,13.7,81.5,False,85.84111111111112,-6.388253968253963,3.7054134235205107,False,0.0,False,Wednesday,5,False
2024-05-30,29.4417989417989,382,False,3,80,279,20,19.1,False,10.5,35.0,False,14.7,81.42,False,85.807,-6.125571428571433,3.731286927433545,False,0.0,False,Thursday,5,False
2024-05-31,18.6045918367347,397,False,35,305,52,5,26.5,False,12.7,39.0,False,11.1,79.41,False,85.76922222222221,-5.777793650793626,3.7585047313041895,False,0.0,False,Friday,5,False
2024-06-01,18.4685714285714,358,False,36,235,84,3,9.8,False,7.0,23.0,False,12.5,79.41,True,85.70911111111111,-5.647682539682535,3.816668540961552,False,0.0,False,Saturday,6,False
2024-06-02,29.0437017994859,397,False,35,225,131,6,6.7,False,5.7,22.0,False,14.2,79.41,True,85.649,-5.517571428571429,3.8730158530217587,False,0.0,False,Sunday,6,False
2024-06-03,19.5664160401003,407,False,35,316,52,4,5.8,False,7.5,24.0,False,14.5,76.45,False,85.56933333333333,-5.367904761904768,3.927016135737432,False,0.0,False,Monday,6,False
2024-06-04,12.4297297297297,374,False,38,288,44,4,0.0,False,6.4,20.4,False,17.2,75.33,False,85.46522222222222,-5.616650793650791,4.042795569588358,False,0.0,False,Tuesday,6,False
2024-06-05,16.2919896640827,400,False,31,317,49,3,0.5,False,6.6,31.5,False,18.5,75.41,False,85.34011111111111,-6.350111111111119,4.179514378125639,False,0.0,False,Wednesday,6,False
2024-06-06,19.0918918918919,383,False,28,176,176,3,3.1,False,9.7,50.0,False,18.6,77.62,False,85.23488888888889,-7.114888888888885,4.308446432494906,False,0.0,False,Thursday,6,False
2024-06-07,18.7990074441687,413,False,37,323,50,3,0.1,False,8.0,27.0,False,19.8,78.12,False,85.16077777777778,-7.583634920634935,4.3816274303997655,False,0.0,False,Friday,6,False
2024-06-08,22.2,360,False,39,180,137,4,2.4,False,7.1,41.0,False,19.6,78.12,True,85.09222222222222,-7.69936507936508,4.443239980363579,False,0.0,False,Saturday,6,False
2024-06-09,25.0633245382586,387,False,46,222,115,4,11.3,False,9.0,40.0,False,18.2,78.12,True,85.02366666666667,-7.815095238095239,4.502954448365003,False,0.0,False,Sunday,6,False
2024-06-10,25.6950904392765,399,False,9,102,279,9,14.9,False,11.8,37.0,False,17.4,79.59,False,84.96455555555556,-7.9402698412698385,4.558552195035357,False,0.0,False,Monday,6,False
2024-06-11,17.4611111111111,377,False,37,290,47,3,3.7,False,7.0,31.0,False,12.2,80.15,False,84.91933333333334,-7.446476190476204,4.591706446397994,False,0.0,False,Tuesday,6,False
2024-06-12,17.7019704433498,415,False,33,327,53,2,0.2,False,7.3,29.0,False,13.6,80.52,False,84.8771111111111,-6.715682539682533,4.618115098844177,False,0.0,False,Wednesday,6,False
2024-06-13,17.6192893401015,409,False,38,315,51,5,0.1,False,6.6,29.0,False,14.9,81.44,False,84.81444444444445,-5.923015873015871,4.638731692000232,False,0.0,False,Thursday,6,False
2024-06-14,26.4553127677806,393,False,45,276,69,3,1.1,False,9.0,47.0,False,15.7,81.49,False,84.77055555555556,-5.333412698412701,4.651892537696615,False,0.0,False,Friday,6,False
2024-06-15,28.4216524216524,364,False,41,195,125,3,9.1,False,9.3,34.0,False,16.0,81.49,True,84.72722222222222,-4.808650793650784,4.66420580514672,False,0.0,False,Saturday,6,False
2024-06-16,37.3844086021505,399,False,41,236,122,0,0.2,False,7.2,40.0,False,16.9,81.49,True,84.68388888888889,-4.283888888888896,4.676080586393083,False,0.0,False,Sunday,6,False
2024-06-17,22.0440414507772,397,False,33,260,94,10,0.4,False,8.2,31.0,False,17.8,82.45,False,84.62855555555556,-3.747126984126993,4.684165427833566,False,0.0,False,Monday,6,False
2024-06-18,17.6356382978723,381,False,39,294,40,8,0.1,False,6.4,33.0,False,21.2,84.79,False,84.574,-3.284000000000006,4.680586921806883,False,0.0,False,Tuesday,6,False
2024-06-19,21.0122549019608,415,False,39,320,51,5,0.0,False,8.5,47.0,False,22.7,85.64,False,84.56311111111111,-2.6102539682539714,4.678912925808328,False,0.0,False,Wednesday,6,False
2024-06-20,21.7587939698492,410,False,38,316,53,3,0.0,False,8.3,30.0,False,21.4,85.92,False,84.57111111111112,-1.8868253968254152,4.680145355575905,False,0.0,False,Thursday,6,False
2024-06-21,33.7823834196891,391,True,58,212,94,3,18.4,False,8.1,51.0,False,17.6,86.42,False,84.58277777777779,-1.2584920634920849,4.682207063317004,False,0.0,False,Friday,6,False
2024-06-22,26.4685714285714,356,False,18,162,163,13,16.8,False,8.6,45.0,False,14.9,86.42,True,84.6,-0.5714285714285552,4.686124389915206,False,0.0,False,Saturday,6,False
2024-06-23,24.2148337595908,400,False,55,247,89,9,0.0,False,6.6,33.0,False,15.5,86.42,True,84.61722222222221,0.11563492063493186,4.689974492103834,False,0.0,False,Sunday,6,False
2024-06-24,43.8656330749354,396,True,39,100,62,5,0.0,False,15.5,50.0,False,20.2,86.75,False,84.6198888888889,0.8172539682539508,4.690941184986666,False,0.0,False,Monday,6,False
2024-06-25,27.671388101983,359,True,50,250,46,4,9.6,False,10.6,48.0,False,20.3,86.81,False,84.62922222222221,1.4222063492063484,4.694371295517658,False,0.0,False,Tuesday,6,False
2024-06-26,45.3386243386243,385,False,48,275,59,3,4.0,False,6.6,27.0,False,18.9,85.76,False,84.65,1.6899999999999977,4.699897440908846,False,0.0,False,Wednesday,6,False
2024-06-27,40.9038961038961,390,False,44,283,60,3,0.0,False,9.4,37.0,False,22.4,87.0,False,84.64544444444445,1.7116984126984107,4.69860609526456,False,0.0,False,Thursday,6,False
2024-06-28,63.5859983079526,403,False,46,309,45,3,19.1,False,8.6,52.0,False,22.7,87.26,False,84.65466666666667,1.8567619047619104,4.702445025036282,False,0.0,False,Friday,6,False
2024-06-29,34.1823361823362,358,True,67,209,66,3,0.6,False,8.0,52.0,False,22.8,87.26,True,84.66677777777777,1.9646507936508044,4.707792208472847,False,0.0,False,Saturday,6,False
2024-06-30,34.5658914728682,401,False,8,49,320,24,14.5,False,13.2,51.0,False,19.4,87.26,True,84.67888888888888,2.0725396825396984,4.713101854261643,False,0.0,False,Sunday,6,False
2024-07-01,33.1851851851852,389,False,3,55,320,11,0.1,False,10.2,67.0,False,18.4,86.57,False,84.691,2.18042857142855,4.718374089127435,False,0.0,False,Monday,7,False
2024-07-02,25.9401041666667,394,False,15,105,267,7,2.8,False,10.0,35.0,False,16.1,88.28,False,84.67922222222222,2.1664920634920577,4.712274487860842,False,0.0,False,Tuesday,7,False
2024-07-03,23.3324538258575,390,False,43,267,75,5,1.8,False,8.1,31.0,False,14.6,88.25,False,84.65344444444445,2.4022698412698418,4.685793053670644,False,0.0,False,Wednesday,7,False
2024-07-04,21.1082474226804,399,False,13,129,252,5,0.0,False,13.9,49.0,False,17.3,88.34,False,84.63044444444445,2.780984126984123,4.662689803616515,False,0.0,False,Thursday,7,False
2024-07-05,21.3416458852868,411,False,47,301,58,5,0.0,False,7.4,26.0,False,19.3,88.66,False,84.58077777777777,3.022079365079378,4.597940239329977,False,0.0,False,Friday,7,False
2024-07-06,34.236914600551,368,False,19,134,206,9,7.5,False,9.3,48.0,False,18.1,88.66,True,84.53466666666668,3.268190476190469,4.534861765915299,False,0.0,False,Saturday,7,False
2024-07-07,27.421875,395,False,53,240,98,4,2.7,False,7.8,28.0,False,15.8,88.66,True,84.48855555555556,3.514301587301574,4.470412484076068,False,0.0,False,Sunday,7,False
2024-07-08,21.3715012722646,404,False,48,304,49,3,0.0,False,5.3,24.0,False,19.2,87.15,False,84.45444444444443,3.7484126984127215,4.426028760273924,False,0.0,False,Monday,7,False
2024-07-09,26.2762148337596,405,False,56,292,54,3,0.0,False,4.8,20.4,False,22.8,86.48,False,84.39911111111111,3.886603174603181,4.359623642257179,False,0.0,False,Tuesday,7,False
2024-07-10,30.4318766066838,395,False,59,274,59,3,4.8,False,6.3,24.1,False,21.7,86.55,False,84.34255555555555,3.68601587301589,4.298135096279907,False,0.0,False,Wednesday,7,False
2024-07-11,32.5024630541872,410,False,67,303,33,7,8.3,False,6.5,32.0,False,22.7,86.49,False,84.28766666666667,3.4980476190476253,4.236941087068161,False,0.0,False,Thursday,7,False
2024-07-12,45.6613333333333,387,False,11,122,243,11,6.7,False,8.4,48.0,False,20.5,87.35,False,84.214,3.3074285714285736,4.138135008469402,False,0.0,False,Friday,7,False
2024-07-13,28.8677248677249,384,False,60,246,75,3,4.2,False,7.9,24.0,False,17.2,87.35,True,84.14988888888888,3.1843968253968313,4.0421905548728265,False,0.0,False,Saturday,7,False
2024-07-14,28.9355670103093,396,False,62,224,106,4,0.0,False,4.7,36.0,False,18.2,87.35,True,84.08577777777778,3.061365079365089,3.9428587067670295,False,0.0,False,Sunday,7,False
2024-07-15,30.8666666666667,396,False,68,254,71,3,5.0,False,6.1,66.0,False,20.9,86.42,False,84.04700000000001,2.9129999999999825,3.892525666893054,False,0.0,False,Monday,7,False
2024-07-16,27.1206434316354,381,False,17,80,278,6,17.9,False,9.3,34.0,False,20.7,86.6,False,83.9928888888889,2.862825396825386,3.8239529651469217,False,0.0,False,Tuesday,7,False
2024-07-17,32.9041450777202,394,False,58,279,54,3,0.0,False,6.4,24.0,False,20.6,85.76,False,83.96022222222223,2.9126349206349005,3.7884261882443733,False,0.0,False,Wednesday,7,False
2024-07-18,23.8238341968912,398,False,64,276,52,6,0.0,False,6.9,20.4,False,21.1,86.26,False,83.93155555555556,2.828444444444443,3.7645988225357057,False,0.0,False,Thursday,7,False
2024-07-19,60.8058358061325,341,False,50,227,64,0,0.0,False,5.0,25.0,False,22.8,85.19,False,83.91266666666667,2.8144761904761992,3.748388957310382,False,0.0,False,Friday,7,False
2024-07-20,41.8674033149171,377,False,72,182,117,6,0.0,False,4.6,22.0,False,23.6,85.19,True,83.88188888888888,2.5366825396825448,3.7260889802371495,False,0.0,False,Saturday,7,False
2024-07-21,41.4986149584487,373,False,45,120,205,3,0.6,False,9.7,57.0,False,21.9,85.19,True,83.85111111111111,2.2588888888888903,3.703396086268764,False,0.0,False,Sunday,7,False
2024-07-22,37.738578680203,399,False,53,253,88,5,2.3,False,7.7,30.0,False,20.4,83.44,False,83.82766666666666,1.9737619047619148,3.6879640405039846,False,0.0,False,Monday,7,False
2024-07-23,27.3103448275862,386,False,41,170,170,5,0.0,False,9.3,39.0,False,21.4,82.2,False,83.77377777777777,1.6019365079365144,3.657334504855284,False,0.0,False,Tuesday,7,False
2024-07-24,30.770618556701,394,False,55,281,55,3,0.0,False,7.9,36.0,False,20.2,83.01,False,83.69800000000001,1.0491428571428543,3.6178546625805907,False,0.0,False,Wednesday,7,False
2024-07-25,28.6511627906977,392,False,62,274,51,5,0.0,False,6.7,22.2,False,19.8,82.58,False,83.64144444444445,0.7128412698412774,3.5879284377496385,False,0.0,False,Thursday,7,False
2024-07-26,23.0913580246913,413,False,55,291,63,4,0.0,False,5.1,26.0,False,21.1,81.35,False,83.55955555555555,0.2690158730158885,3.525895825643319,False,0.0,False,Friday,7,False
2024-07-27,26.9299191374663,378,False,53,172,148,5,0.4,False,6.8,36.0,False,22.6,81.35,True,83.464,-0.1840000000000117,3.466801394674631,False,0.0,False,Saturday,7,False
2024-07-28,31.0051948051948,390,False,63,221,104,2,3.9,False,9.2,25.0,False,20.6,81.35,True,83.36844444444445,-0.6370158730158835,3.403970553719934,False,0.0,False,Sunday,7,False
2024-07-29,25.2111959287532,403,False,65,282,53,3,0.0,False,10.4,28.0,False,21.1,80.94,False,83.28966666666666,-1.1068095238095168,3.367123418047696,False,0.0,False,Monday,7,False
2024-07-30,19.904,384,False,56,275,49,4,0.0,False,4.3,16.7,False,23.8,79.26,False,83.20866666666667,-1.3829523809523891,3.334469012528274,False,0.0,False,Tuesday,7,False
2024-07-31,37.9840425531915,379,True,64,208,77,1,0.3,False,8.2,57.0,False,23.4,81.39,False,83.161,-1.7552857142857334,3.3600993330697175,False,0.0,False,Wednesday,7,False
2024-08-01,53.6358695652174,377,False,68,261,39,9,24.2,False,8.4,51.0,False,21.0,81.37,False,83.12299999999999,-1.9487142857142743,3.360579621622453,False,0.0,True,Thursday,8,False
2024-08-02,31.2405405405405,377,False,45,250,79,3,2.5,False,8.2,33.0,False,22.5,78.35,False,83.09822222222222,-2.096793650793643,3.3652408891791,False,0.0,False,Friday,8,False
2024-08-03,26.6350974930362,369,False,21,86,255,7,0.1,False,7.0,28.0,False,21.1,78.35,True,83.0398888888889,-2.4670317460317506,3.4017492177305333,False,0.0,False,Saturday,8,False
2024-08-04,21.9710822510822,393,False,9,83,290,11,0.0,False,9.1,30.0,False,20.8,78.35,True,82.98155555555554,-2.83726984126983,3.4368688098305036,False,0.0,False,Sunday,8,False
2024-08-05,24.1217616580311,390,False,49,284,54,3,0.0,False,5.1,17.0,False,22.0,77.51,False,82.92322222222222,-3.2075079365079375,3.47064182380857,False,0.0,False,Monday,8,False
2024-08-06,16.3655913978495,381,False,44,284,49,4,0.0,False,5.6,29.0,False,22.1,76.62,False,82.86566666666667,-3.639952380952394,3.517192141723778,False,0.0,False,Tuesday,8,False
2024-08-07,32.5093333333333,382,False,47,275,57,3,10.7,False,6.0,41.0,False,20.5,78.26,False,82.801,-3.9524285714285696,3.57808217100693,False,0.0,False,Wednesday,8,False
2024-08-08,23.4,391,False,40,296,50,5,0.0,False,7.1,28.0,False,21.3,80.76,False,82.74533333333333,-4.343904761904753,3.6095373664786696,False,0.0,False,Thursday,8,False
2024-08-09,20.24,409,False,47,303,57,2,0.0,False,6.2,26.0,False,21.4,81.07,False,82.7161111111111,-4.401825396825387,3.6149016473627125,False,0.0,False,Friday,8,False
2024-08-10,23.1351351351351,377,False,49,235,90,3,0.0,False,4.6,18.5,False,23.2,81.07,True,82.69033333333333,-3.987476190476187,3.618312490775867,False,0.0,False,Saturday,8,False
2024-08-11,20.313315926893,394,False,51,233,105,5,0.0,False,7.0,29.0,False,23.7,81.07,True,82.66455555555557,-3.5731269841270006,3.621534581031057,False,0.0,False,Sunday,8,False
2024-08-12,29.0868421052631,388,False,52,290,35,11,9.9,False,8.2,62.0,False,25.3,83.06,False,82.64111111111112,-3.1611111111111114,3.6249883206156754,False,0.0,False,Monday,8,False
2024-08-13,25.8104956268221,357,False,43,253,54,7,1.0,False,6.6,31.0,False,23.5,82.51,False,82.664,-2.3911428571428672,3.6210110326926923,False,0.0,False,Tuesday,8,False
2024-08-14,32.6703910614525,375,False,47,262,64,2,0.0,False,9.8,40.0,False,24.2,82.15,False,82.69211111111112,-1.5778253968254035,3.6097432117724275,False,0.0,False,Wednesday,8,False
2024-08-15,26.6430446194226,389,False,50,280,55,4,0.0,False,6.2,22.0,False,22.8,83.09,False,82.69766666666666,-1.0276666666666614,3.6085058845880944,False,0.0,False,Thursday,8,False
2024-08-16,29.2745098039216,416,False,51,307,56,2,0.0,False,6.1,27.0,False,23.7,81.56,False,82.70711111111112,-0.7042539682539797,3.6084069267918135,False,0.0,False,Friday,8,False
2024-08-17,26.4613180515759,364,False,50,200,111,3,1.0,False,5.8,23.0,False,21.3,81.56,True,82.69955555555555,-0.6266984126984028,3.6101075059823153,False,0.0,False,Saturday,8,False
2024-08-18,33.6450777202072,394,False,19,154,207,14,4.5,False,8.4,32.0,False,18.3,81.56,True,82.692,-0.5491428571428543,3.6117913013489815,False,0.0,False,Sunday,8,False
2024-08-19,28.0371352785146,382,True,48,170,58,2,0.4,False,10.7,37.0,False,18.2,81.09,False,82.68811111111111,-0.47525396825396626,3.6128310336091047,False,0.0,False,Monday,8,False
2024-08-20,19.8661202185792,373,False,38,284,47,4,0.0,False,6.4,37.0,False,18.8,78.85,False,82.68666666666665,-0.7552380952380702,3.613450528111173,False,0.0,False,Tuesday,8,False
2024-08-21,20.9435483870968,381,False,2,88,282,9,0.0,False,9.3,39.0,False,18.7,78.77,False,82.675,-1.2664285714285626,3.624227852673681,False,0.0,False,Wednesday,8,False
2024-08-22,17.1825192802056,397,False,44,296,56,1,0.0,False,5.4,26.0,False,17.5,78.8,False,82.66966666666667,-1.7439523809523791,3.6296737247747766,False,0.0,False,Thursday,8,False
2024-08-23,18.4748743718593,414,False,46,301,63,4,0.0,False,7.5,36.0,False,20.3,80.34,False,82.66833333333332,-2.355476190476182,3.6310883780203644,False,0.0,False,Friday,8,False
2024-08-24,24.1312849162011,361,False,58,196,103,4,0.0,False,6.1,22.0,False,22.5,80.34,True,82.68411111111111,-2.545539682539669,3.6176784704574403,False,0.0,False,Saturday,8,False
2024-08-25,26.2426666666667,386,False,40,241,102,3,3.8,False,9.4,49.0,False,17.8,80.34,True,82.69988888888889,-2.7356031746031846,3.6041488248359466,False,0.0,False,Sunday,8,False
2024-08-26,22.467362924282,388,True,42,193,56,1,0.0,False,9.3,27.8,False,17.3,80.34,True,82.71566666666666,-2.9256666666666717,3.5904980875722123,False,0.0,False,Monday,8,False
2024-08-27,26.134670487106,363,True,44,172,49,2,0.0,False,10.4,33.3,False,17.6,81.51,False,82.70455555555556,-3.021698412698413,3.5963455737246286,False,0.0,False,Tuesday,8,False
2024-08-28,21.5224274406332,390,False,46,295,42,7,0.0,False,3.9,16.7,False,20.8,80.04,False,82.70466666666667,-2.6418095238095134,3.596308094437703,False,0.0,False,Wednesday,8,False
2024-08-29,20.0185185185185,388,False,49,279,59,1,0.0,False,4.1,24.1,False,22.8,81.55,False,82.68933333333334,-2.445047619047614,3.6047789129489956,False,0.0,False,Thursday,8,False
2024-08-30,22.0050251256281,407,False,60,282,60,5,0.0,True,5.2,20.4,False,22.4,80.2,False,82.7131111111111,-2.0759682539682416,3.589932128070195,False,0.0,False,Friday,8,False
2024-08-31,20.5814606741573,365,False,66,208,88,3,0.0,False,7.0,20.4,False,23.1,80.2,True,82.7218888888889,-2.104746031746032,3.582723493094439,False,0.0,False,Saturday,8,False
2024-09-01,39.9889502762431,371,False,52,169,145,5,2.3,False,7.2,24.1,False,22.5,80.2,True,82.73066666666666,-2.133523809523794,3.575478533228637,False,0.0,False,Sunday,9,False
2024-09-02,28.2907268170426,403,False,45,304,50,4,0.6,False,5.5,24.1,False,21.4,77.82,False,82.77233333333334,-2.1951904761904615,3.522928764346144,False,0.0,False,Monday,9,False
2024-09-03,21.544235924933,384,False,42,295,44,3,0.0,False,5.1,22.0,False,22.0,76.46,False,82.8,-2.5828571428571365,3.473252207784825,False,0.0,False,Tuesday,9,False
2024-09-04,24.3914141414141,405,False,44,300,58,3,18.1,False,7.7,42.0,False,20.9,74.67,False,82.81166666666667,-3.315952380952382,3.449834794938057,False,0.0,False,Wednesday,9,False
2024-09-05,28.9427083333333,395,False,33,218,140,4,0.6,False,11.6,38.0,False,19.4,74.47,False,82.77888888888889,-4.0503174603174585,3.5131497581908495,False,0.0,False,Thursday,9,False
2024-09-06,21.1608910891089,411,False,45,304,60,2,0.0,False,5.6,24.0,False,18.3,72.82,False,82.73833333333333,-5.021190476190469,3.5878102770736686,False,0.0,False,Friday,9,False
2024-09-07,21.1972972972973,379,False,66,214,95,4,0.0,False,6.5,25.9,False,19.9,72.82,True,82.67944444444444,-6.0165873015873075,3.7060143529842327,False,0.0,False,Saturday,9,False
2024-09-08,29.9111675126903,398,False,44,221,131,2,9.2,False,7.0,24.0,False,17.6,72.82,True,82.62055555555555,-7.011984126984132,3.8196450688435553,False,0.0,False,Sunday,9,False
2024-09-09,34.8064516129032,411,False,3,71,324,13,11.5,False,12.0,44.0,False,15.2,72.37,False,82.54533333333333,-7.99104761904762,3.9446160719469274,False,0.0,False,Monday,9,False
2024-09-10,15.9435483870968,376,False,0,61,309,6,0.7,False,11.7,46.0,False,15.4,70.34,False,82.4588888888889,-8.68317460317462,4.080602082819149,False,0.0,False,Tuesday,9,False
2024-09-11,20.4370179948586,394,False,12,171,205,6,17.3,False,12.0,47.0,False,12.3,70.31,False,82.34577777777778,-9.444349206349216,4.271572606703293,False,0.0,False,Wednesday,9,False
2024-09-12,21.7774869109948,387,True,29,192,156,3,6.1,False,6.9,33.0,False,9.1,73.81,False,82.2221111111111,-9.94353968253968,4.455254061393857,False,0.0,False,Thursday,9,False
2024-09-13,31.1548223350254,411,False,10,167,225,9,2.8,False,6.3,41.0,False,8.6,73.68,False,82.13677777777778,-9.952492063492073,4.54213601876801,False,0.0,False,Friday,9,False
2024-09-14,22.5167138810198,365,False,39,230,93,3,2.5,False,5.9,19.0,False,9.7,73.68,True,82.05,-9.742857142857147,4.628417352726221,False,0.0,False,Saturday,9,False
2024-09-15,32.7473684210526,387,True,45,100,125,3,0.0,False,8.7,36.0,False,9.2,73.68,True,81.96322222222221,-9.533222222222221,4.711503452352453,False,0.0,False,Sunday,9,False
2024-09-16,19.1396508728179,409,False,38,317,51,3,3.2,False,5.3,23.0,False,8.9,73.96,False,81.86577777777778,-9.31292063492063,4.791337918702045,False,0.0,False,Monday,9,False
2024-09-17,17.6908602150538,379,False,51,281,32,15,7.0,False,11.4,44.0,False,12.2,74.55,False,81.74544444444444,-8.965444444444444,4.8526754258882585,False,0.0,False,Tuesday,9,False
2024-09-18,25.8763157894737,387,True,36,190,50,4,0.0,False,11.0,44.0,False,13.6,74.52,False,81.62222222222222,-8.240793650793634,4.893303329874248,False,0.0,False,Wednesday,9,False
2024-09-19,18.0,405,False,45,304,47,9,0.0,False,7.8,32.0,False,14.0,75.93,False,81.49555555555555,-7.512698412698413,4.928226225817975,False,0.0,False,Thursday,9,False
2024-09-20,25.3415841584158,412,False,47,311,50,4,0.0,False,4.1,20.0,False,14.1,75.96,False,81.37899999999999,-7.093285714285699,4.934494965222268,False,0.0,False,Friday,9,False
2024-09-21,21.6101694915254,363,False,46,202,112,3,0.0,False,3.9,17.0,False,15.1,75.96,True,81.26277777777779,-6.651349206349224,4.937611447248679,False,0.0,False,Saturday,9,False
2024-09-22,27.4502617801047,387,False,43,226,114,4,0.1,False,3.5,14.0,False,14.7,75.96,True,81.14655555555557,-6.20941269841272,4.937960540004136,False,0.0,False,Sunday,9,False
2024-09-23,23.8056994818653,392,False,43,295,51,3,10.3,False,8.1,29.0,False,15.4,74.95,False,81.02666666666667,-5.7638095238095275,4.931366699820258,False,0.0,False,Monday,9,False
2024-09-24,21.7582417582417,369,False,33,195,138,3,1.9,False,12.6,46.0,False,14.5,75.29,False,80.89488888888889,-5.49060317460318,4.9335490437713485,False,0.0,False,Tuesday,9,False
2024-09-25,17.3674540682415,388,False,39,291,55,3,0.1,False,12.1,42.0,False,15.9,75.4,False,80.77855555555556,-5.268555555555551,4.94097646745473,False,0.0,False,Wednesday,9,False
2024-09-26,29.5989847715736,401,False,50,302,45,4,52.3,False,8.7,41.0,False,14.6,73.06,False,80.64966666666666,-5.013952380952375,4.928142629357158,False,0.0,False,Thursday,9,False
2024-09-27,34.9748743718593,409,False,14,119,264,12,0.5,False,15.8,58.0,False,14.2,71.63,False,80.4918888888889,-5.266174603174619,4.941423825753492,False,0.0,False,Friday,9,False
2024-09-28,26.0026595744681,380,False,15,119,237,9,3.9,False,12.2,50.0,False,11.0,71.63,True,80.31822222222223,-5.711079365079371,4.975427163137541,False,0.0,False,Saturday,9,False
2024-09-29,40.6426799007444,417,True,47,155,114,4,0.0,False,9.2,39.0,False,9.4,71.63,True,80.14455555555556,-6.155984126984137,5.003107385227843,False,0.0,False,Sunday,9,False
2024-09-30,23.7684729064039,413,False,39,275,95,4,1.7,False,8.5,57.0,False,13.2,72.35,False,79.97855555555556,-6.608555555555554,5.035266316582268,False,0.0,False,Monday,9,False
2024-10-01,18.4166666666667,383,False,47,285,48,3,19.6,False,5.9,23.0,False,12.7,75.3,False,79.80155555555555,-6.8029841269841285,5.020138077494509,False,0.0,False,Tuesday,10,False
2024-10-02,22.475,408,False,10,121,270,7,13.2,False,9.9,35.0,False,11.7,74.86,False,79.65766666666666,-6.657666666666657,4.960499487808261,False,0.0,False,Wednesday,10,False
2024-10-03,19.0906593406593,370,False,44,214,107,5,0.0,False,14.4,36.0,False,9.9,77.57,False,79.50788888888889,-6.585031746031746,4.898519724686258,False,0.0,False,Thursday,10,False
2024-10-04,22.4464285714286,397,False,56,278,55,8,0.9,False,15.4,41.0,False,10.1,79.32,False,79.38466666666666,-5.81752380952382,4.804289796571913,False,0.0,False,Friday,10,False
2024-10-05,17.7379679144385,381,False,45,222,108,6,0.0,False,7.8,29.6,False,9.2,79.32,True,79.28088888888888,-4.615174603174594,4.701457972392619,False,0.0,False,Saturday,10,False
2024-10-06,22.1464019851117,414,False,42,268,101,3,0.7,False,5.0,22.0,False,9.6,79.32,True,79.1771111111111,-3.412825396825397,4.593956030481178,False,0.0,False,Sunday,10,False
2024-10-07,19.7686567164179,410,False,50,300,56,4,0.5,False,7.3,21.0,False,14.2,81.74,False,79.09011111111111,-2.227253968253976,4.514728330435272,False,0.0,False,Monday,10,False
2024-10-08,20.1,387,False,48,287,49,3,7.9,False,6.6,21.0,False,13.6,78.19,False,79.03744444444445,-0.8331587301587433,4.454802372976727,False,0.0,False,Tuesday,10,False
2024-10-09,20.3121016365202,390,False,40,286,56,8,0.0,False,7.3,28.0,False,12.8,77.06,False,78.94455555555555,-0.3274126984127008,4.382974763535004,False,0.0,False,Wednesday,10,False
2024-10-10,22.619170984456,390,False,6,62,310,12,7.1,False,15.3,63.0,False,14.0,79.45,False,78.83977777777778,0.09165079365078554,4.3127214426860725,False,0.0,False,Thursday,10,False
2024-10-11,22.5975903614458,422,False,18,273,123,8,2.3,False,9.3,27.0,False,11.0,80.27,False,78.75200000000001,0.4479999999999933,4.21689544463913,False,0.0,False,Friday,10,False
2024-10-12,19.4945652173913,375,False,41,219,111,4,9.5,False,6.8,30.0,False,9.3,80.27,True,78.67333333333333,0.6623809523809427,4.1196135413827495,False,0.0,False,Saturday,10,False
2024-10-13,21.9643765903308,402,False,0,0,392,10,5.7,False,13.7,43.0,False,13.8,80.27,True,78.59466666666665,0.8767619047619064,4.018421122109255,False,0.0,False,Sunday,10,False
2024-10-14,17.4517766497462,405,False,41,316,38,10,0.0,False,9.2,45.0,False,12.8,78.47,False,78.52633333333333,1.0808095238095348,3.935286477872791,False,0.0,False,Monday,10,False
2024-10-15,18.2309782608696,373,False,41,277,52,3,2.5,False,6.4,18.5,False,13.0,73.68,False,78.43599999999999,0.7040000000000077,3.840033590677978,False,0.0,False,Tuesday,10,False
2024-10-16,17.937984496124,396,False,44,295,50,7,0.0,False,8.0,28.0,False,13.6,73.65,False,78.30177777777777,0.19393650793651318,3.7919763243527247,False,0.0,False,Wednesday,10,False
2024-10-17,23.4694960212201,387,False,39,295,33,20,0.0,False,5.2,17.0,False,13.9,74.37,False,78.16166666666666,-0.15309523809524705,3.7270307035461534,False,0.0,False,Thursday,10,False
2024-10-18,19.8592592592592,411,False,37,312,59,3,0.0,False,6.8,28.0,False,13.2,72.75,False,78.04144444444445,-0.7585873015873119,3.6718729143494775,False,0.0,False,Friday,10,False
2024-10-19,20.7547683923706,371,False,36,270,54,11,0.0,False,4.2,16.0,False,11.6,72.75,True,77.90322222222223,-1.6946507936507942,3.63369679830057,False,0.0,False,Saturday,10,False
2024-10-20,20.2020202020202,408,False,36,267,100,5,0.0,False,4.5,15.0,False,12.3,72.75,True,77.765,-2.6307142857142765,3.589737322555948,False,0.0,False,Sunday,10,False
2024-10-21,23.8005249343832,385,False,38,291,40,16,0.1,False,3.4,12.0,False,10.9,73.29,False,77.64622222222224,-3.5862222222222186,3.576684667187863,False,0.0,False,Monday,10,False
2024-10-22,14.1818181818182,366,False,35,281,48,2,1.7,False,8.4,21.0,False,14.4,75.59,False,77.54722222222222,-4.22722222222221,3.572531921773729,False,0.0,False,Tuesday,10,False
2024-10-23,18.2910052910053,388,False,36,293,53,6,15.4,False,12.0,28.0,False,12.0,74.68,False,77.46477777777778,-3.8719206349206416,3.530417815226669,False,0.0,False,Wednesday,10,False
2024-10-24,13.1955922865014,369,False,34,286,47,2,0.0,False,5.3,17.0,False,12.0,74.27,False,77.37700000000001,-3.6370000000000005,3.499885535850051,False,0.0,False,Thursday,10,False
2024-10-25,18.6272493573265,399,False,41,309,36,13,0.0,False,4.8,17.0,False,10.3,75.62,False,77.29833333333333,-3.5726190476190425,3.489133130163921,False,0.0,False,Friday,10,False
2024-10-26,21.3771428571429,353,False,46,200,101,6,0.0,False,7.6,23.0,False,11.1,75.62,True,77.23466666666667,-3.098952380952383,3.466576266468611,False,0.0,False,Saturday,10,False
2024-10-27,14.7905604719764,348,False,38,202,104,4,0.0,False,5.8,20.0,False,12.4,75.62,True,77.171,-2.6252857142857096,3.442681229064251,False,0.0,False,Sunday,10,False
2024-10-28,18.2574850299401,347,False,40,291,7,9,0.1,False,4.4,11.0,False,10.0,71.87,False,77.11188888888888,-2.156174603174591,3.4228553999032356,False,0.0,False,Monday,10,False
2024-10-29,15.1633986928104,313,False,38,262,2,11,0.2,False,3.7,12.0,False,10.1,71.09,False,77.02977777777778,-2.276920634920643,3.45919194882765,False,0.0,False,Tuesday,10,False
2024-10-30,14.4578313253012,340,False,38,270,25,7,0.2,False,4.7,16.0,False,10.0,73.21,False,76.91533333333334,-2.805333333333337,3.483614034530898,False,0.0,False,Wednesday,10,False
2024-10-31,15.5060240963855,341,False,45,261,32,3,0.0,False,5.7,16.0,False,10.4,73.25,False,76.82466666666667,-2.924666666666681,3.47254244196433,False,0.0,False,Thursday,10,False
2024-11-01,14.0149253731343,343,False,39,220,82,2,0.0,False,6.9,17.0,False,9.9,73.63,False,76.768,-3.0137142857142862,3.4889450451529824,False,0.0,False,Friday,11,False
2024-11-02,11.1456953642384,308,False,41,219,35,13,0.0,False,10.3,27.0,False,7.3,73.63,True,76.71555555555557,-3.245555555555569,3.500353789860384,False,0.0,False,Saturday,11,False
2024-11-03,14.8090909090909,334,False,36,207,87,4,0.0,False,6.2,22.0,False,8.4,73.63,True,76.66311111111112,-3.4773968253968377,3.510933370713651,False,0.0,False,Sunday,11,False
2024-11-04,14.4273255813953,349,False,34,278,33,4,0.0,False,6.3,25.0,False,7.9,74.89,False,76.62,-3.718571428571437,3.524213833761386,False,0.0,False,Monday,11,False
2024-11-05,9.52287581699346,314,False,32,252,30,0,0.0,False,5.0,15.0,False,8.0,76.98,False,76.60077777777778,-3.2679206349206424,3.528928674614943,False,0.0,False,Tuesday,11,False
2024-11-06,13.7075471698113,326,False,33,265,27,1,0.1,False,4.5,15.0,False,7.6,76.52,False,76.58655555555555,-2.412269841269847,3.5247434080216737,False,0.0,False,Wednesday,11,False
2024-11-07,11.2426900584795,352,False,40,276,32,4,0.0,False,9.6,23.0,False,9.3,75.73,False,76.53944444444444,-1.8923015873015885,3.4965579739832666,False,0.0,False,Thursday,11,False
2024-11-08,10.9526462395543,363,False,37,285,38,3,0.0,False,5.7,15.0,False,8.1,74.04,False,76.48011111111111,-1.4786825396825378,3.46397040962525,False,0.0,False,Friday,11,False
2024-11-09,8.96598639455782,297,False,39,209,40,9,0.0,False,4.1,14.0,False,7.2,74.04,True,76.402,-1.342000000000013,3.4384753611152363,False,0.0,False,Saturday,11,False
2024-11-10,10.3204747774481,342,False,33,220,86,3,0.0,False,6.9,35.0,False,6.8,74.04,True,76.32388888888889,-1.2053174603174597,3.4109815037587197,False,0.0,False,Sunday,11,False
2024-11-11,10.1292307692308,328,False,35,257,32,4,7.6,False,7.7,21.0,False,6.0,72.19,False,76.22366666666667,-1.0465238095238192,3.342665440512835,False,0.0,False,Monday,11,False
2024-11-12,12.5204081632653,302,True,35,68,30,1,1.3,False,11.4,39.0,False,5.6,72.56,False,76.109,-1.3175714285714264,3.30134941766787,False,0.0,False,Tuesday,11,False
2024-11-13,8.99042328042328,318,False,27,260,30,1,0.1,False,9.4,24.1,False,3.4,72.86,False,76.00244444444445,-1.8424444444444532,3.2586663402550973,False,0.0,False,Wednesday,11,False
2024-11-14,12.5755627009646,318,False,29,258,31,0,0.0,False,7.0,23.0,False,2.9,73.39,False,75.88877777777778,-2.2516349206349133,3.1862791613244776,False,0.0,False,Thursday,11,False
2024-11-15,12.3911764705882,349,False,38,274,36,1,0.0,False,4.9,28.0,False,3.8,73.45,False,75.798,-2.495142857142852,3.1389199459327233,False,0.0,False,Friday,11,False
2024-11-16,9.23131672597865,290,False,37,211,34,8,0.0,False,7.9,21.0,False,2.1,73.45,True,75.70788888888889,-2.4893174603174515,3.087638454139132,False,0.0,False,Saturday,11,False
2024-11-17,13.0621118012422,326,False,25,108,188,5,0.0,False,10.0,36.0,False,5.2,73.45,True,75.61777777777777,-2.4834920634920508,3.0327844504850963,False,0.0,False,Sunday,11,False
2024-11-18,9.74050632911392,319,False,14,183,119,3,0.0,False,8.9,40.8,False,7.4,74.35,False,75.53288888888889,-2.482888888888894,2.984431605849865,False,0.0,False,Monday,11,False
2024-11-19,10.4810996563574,292,False,25,152,113,2,6.7,False,20.6,64.0,False,8.6,74.32,False,75.4828888888889,-2.124317460317471,2.9658715089747956,False,0.0,False,Tuesday,11,False
2024-11-20,13.7434210526316,313,False,22,173,115,3,13.0,False,16.2,59.3,False,4.0,74.33,False,75.43344444444443,-1.8234444444444335,2.9474922348354227,False,0.0,False,Wednesday,11,False
2024-11-21,32.9361702127659,289,False,38,200,48,3,8.1,False,11.4,37.0,False,0.6,75.09,False,75.38377777777778,-1.5637777777777728,2.92772127433315,True,8.1,False,Thursday,11,False
2024-11-22,50.6567656765677,314,False,40,232,38,4,4.6,False,11.4,43.0,False,-0.7,76.1,False,75.32544444444444,-1.2625873015872884,2.8797706529758575,True,4.6,False,Friday,11,False
2024-11-23,19.6096654275093,277,False,30,163,80,4,0.0,False,8.8,41.0,False,1.2,76.1,True,75.27833333333334,-0.836904761904762,2.8310843795360676,False,0.0,False,Saturday,11,False
2024-11-24,15.2444444444444,322,False,34,227,50,11,0.0,False,11.7,37.0,False,5.6,76.1,True,75.23122222222221,-0.4112222222222073,2.7807390609964675,False,0.0,False,Sunday,11,False
2024-11-25,12.6687898089172,318,True,30,240,32,4,0.0,False,7.9,27.0,False,6.9,74.27,False,75.18411111111111,0.014460317460319061,2.7286428673676184,False,0.0,False,Monday,11,False
2024-11-26,7.58741258741259,295,False,31,237,25,2,8.0,False,8.2,30.0,False,8.4,74.56,False,75.10366666666667,0.08347619047617627,2.6455073003892355,False,0.0,False,Tuesday,11,False
2024-11-27,10.0066225165563,311,False,28,255,24,4,0.0,False,4.7,21.0,False,5.3,73.91,False,75.04277777777777,0.17865079365078884,2.5931621526758972,False,0.0,False,Wednesday,11,False
2024-11-28,12.9639344262295,309,False,26,194,87,2,12.6,False,11.2,51.0,False,5.9,73.92,False,74.95788888888889,0.20353968253968446,2.5011689377048563,False,0.0,False,Thursday,11,False
2024-11-29,11.1835443037975,322,False,38,248,32,4,0.0,False,9.8,32.0,False,1.9,74.16,False,74.8881111111111,0.10617460317462246,2.4401362526187267,False,0.0,False,Friday,11,False
2024-11-30,10.0989010989011,280,False,35,189,54,2,0.0,False,7.1,36.0,False,1.1,74.16,True,74.821,-0.10385714285713732,2.3745802940818965,False,0.0,False,Saturday,11,False
2024-12-01,15.4745222929936,319,False,29,205,83,2,0.0,False,7.6,24.0,False,1.1,74.16,True,74.7538888888889,-0.3138888888889113,2.3051874546351185,False,0.0,False,Sunday,12,False
2024-12-02,12.50625,321,False,34,252,32,3,7.3,False,5.9,26.0,False,4.5,72.81,False,74.71322222222223,-0.5503650793650934,2.2826629568970374,False,0.0,False,Monday,12,False
2024-12-03,9.94755244755245,292,False,7,149,131,5,0.5,False,8.0,19.0,False,5.7,74.8,False,74.67266666666667,-0.7183809523809686,2.2837037726808473,False,0.0,False,Tuesday,12,False
2024-12-04,13.3225806451613,317,False,31,255,29,2,3.4,False,7.6,19.0,False,3.3,74.68,False,74.67411111111112,-0.685539682539698,2.28374317927221,False,0.0,False,Wednesday,12,False
2024-12-05,14.8888888888889,321,False,35,261,24,1,0.4,False,7.0,32.0,False,1.8,73.78,False,74.67644444444444,-0.5778730158730099,2.2836395704879866,True,0.4,False,Thursday,12,False
2024-12-06,14.1356466876972,329,False,0,0,320,9,19.9,False,20.1,60.0,False,7.5,73.78,False,74.68711111111111,-0.6085396825396856,2.2771035438296985,False,0.0,False,Friday,12,False
2024-12-07,12.942297979798,268,False,39,171,54,4,6.6,False,11.0,51.0,False,6.7,73.78,True,74.69777777777777,-0.6734920634920485,2.270498028712079,False,0.0,False,Saturday,12,False
2024-12-08,15.9482200647249,314,False,33,185,93,3,1.3,False,7.4,27.8,False,4.3,73.78,True,74.70844444444445,-0.738444444444454,2.2638224168625842,False,0.0,False,Sunday,12,False
2024-12-09,15.4670846394984,324,True,46,225,33,5,2.6,False,18.2,37.0,False,3.4,73.73,False,74.72411111111111,-0.8083968253968123,2.2523071289800463,False,0.0,False,Monday,12,False
2024-12-10,15.9243421052631,311,True,30,117,27,2,0.0,False,16.5,35.2,False,2.7,73.64,False,74.76177777777777,-0.7146349206349214,2.2060364466625177,False,0.0,False,Tuesday,12,False
2024-12-11,11.555910543131,318,False,32,256,27,3,0.0,False,9.6,27.8,False,2.4,74.38,False,74.79877777777779,-0.9173492063492006,2.157932753886345,False,0.0,False,Wednesday,12,False
2024-12-12,14.6656151419558,319,False,33,252,32,2,0.0,False,9.4,23.0,False,2.0,73.52,False,74.80511111111112,-0.9665396825396897,2.1558336037017813,False,0.0,False,Thursday,12,False
2024-12-13,15.9939577039275,339,False,38,261,38,2,0.0,False,6.1,22.0,False,0.8,74.89,False,74.80333333333333,-1.001904761904754,2.1568375726083557,False,0.0,False,Friday,12,False
2024-12-14,14.4320557491289,290,False,37,164,85,4,3.5,False,6.5,24.0,False,1.9,74.89,True,74.81677777777779,-0.8567777777777792,2.153525370898724,True,3.5,False,Saturday,12,False
2024-12-15,14.8496932515337,331,False,12,137,177,5,0.0,False,8.0,31.0,False,3.1,74.89,True,74.83022222222222,-0.7116507936508043,2.1501230577699313,False,0.0,False,Sunday,12,False
2024-12-16,12.2158054711246,333,False,36,260,33,4,0.0,False,7.3,22.0,False,3.6,74.3,False,74.84055555555555,-0.5634126984126908,2.1481276723899,False,0.0,False,Monday,12,False
2024-12-17,14.5627009646302,315,False,36,252,27,0,0.0,False,6.2,19.0,False,2.6,73.16,False,74.83777777777777,-0.4792063492063505,2.1486691871745793,False,0.0,False,Tuesday,12,False
2024-12-18,21.9601226993865,336,False,47,255,31,3,0.0,False,9.3,27.0,False,5.0,74.57,False,74.82266666666666,-0.5326666666666711,2.1556999436840383,False,0.0,False,Wednesday,12,False
2024-12-19,21.3829787234042,336,False,3,38,280,15,3.2,False,17.2,78.0,False,5.8,73.75,False,74.80755555555555,-0.4904126984126975,2.1526149820467677,False,0.0,False,Thursday,12,False
2024-12-20,18.3596730245232,374,False,41,289,42,2,0.1,False,8.9,31.5,False,1.6,73.19,False,74.783,-0.4329999999999927,2.151925946892051,True,0.1,False,Friday,12,False
2024-12-21,21.063829787234,336,False,42,198,93,3,1.5,False,14.0,46.0,False,2.9,73.19,True,74.75222222222222,-0.6450793650793543,2.154709906584059,False,0.0,False,Saturday,12,False
2024-12-22,35.4523809523809,341,False,0,12,311,18,19.7,False,19.1,72.0,False,4.0,73.19,True,74.72144444444444,-0.85715873015873,2.1570462331492766,False,0.0,False,Sunday,12,False
2024-12-23,30.1381381381381,344,False,56,242,44,2,1.3,False,8.4,33.0,False,1.3,72.12,False,74.70188888888889,-1.0804603174603074,2.1629208790654015,True,1.3,False,Monday,12,False
2024-12-24,13.418439716312,290,False,42,215,32,1,0.0,False,5.0,28.0,False,1.6,73.5,False,74.66666666666667,-1.3566666666666833,2.1789874980968476,False,0.0,False,Tuesday,12,False
2024-12-25,12.5897435897436,279,False,40,162,76,1,0.0,False,7.5,21.0,False,0.1,73.5,True,74.64555555555556,-1.2869841269841373,2.181005907041578,False,0.0,True,Wednesday,12,False
2024-12-26,17.5723270440251,321,False,41,186,94,0,0.0,False,7.1,22.0,False,-1.1,73.5,True,74.65044444444445,-1.4447301587301666,2.1779027697340907,False,0.0,True,Thursday,12,False
2024-12-27,25.2548030739673,352,False,39,287,9,17,0.0,False,6.1,15.0,False,-1.0,73.77,False,74.67122222222223,-1.5012222222222391,2.1575885560127395,False,0.0,False,Friday,12,False
2024-12-28,27.9569230769231,333,False,45,263,10,15,0.0,False,5.7,13.0,False,-1.2,73.77,True,74.695,-1.442142857142855,2.135373687794543,False,0.0,False,Saturday,12,False
2024-12-29,27.1890243902439,339,False,40,274,12,13,0.0,False,6.2,14.8,False,-1.1,73.77,True,74.71877777777777,-1.3830634920634992,2.112654663060606,False,0.0,False,Sunday,12,False
2024-12-30,20.525,324,False,33,275,8,8,0.0,False,4.3,14.0,False,-2.2,74.24,False,74.73455555555556,-1.3159841269841195,2.1000300485356074,False,0.0,False,Monday,12,False
2024-12-31,12.9063670411985,272,False,33,230,7,2,0.0,False,8.5,18.0,False,-1.8,74.58,False,74.72277777777778,-1.001349206349218,2.0997956175456887,False,0.0,False,Tuesday,12,False
2025-01-01,18.7560975609756,292,False,37,230,24,1,0.0,False,10.0,27.0,False,0.3,74.58,True,74.71966666666667,-0.8439523809523877,2.099797448767642,False,0.0,True,Wednesday,1,False
2025-01-02,23.4830769230769,329,False,0,0,325,4,18.2,False,21.6,94.0,False,5.4,76.14,False,74.68644444444445,-0.6564444444444462,2.077731212469346,False,0.0,True,Thursday,1,False
2025-01-03,23.5382352941176,358,False,27,280,50,1,0.2,False,6.7,26.0,False,0.0,76.72,False,74.65111111111112,-0.24396825396826216,2.0244036128015668,True,0.2,False,Friday,1,False
2025-01-04,45.0,309,False,34,258,2,15,11.0,False,4.6,19.0,False,-3.8,76.72,True,74.62222222222222,0.20634920634920206,1.9749764770503788,True,11.0,False,Saturday,1,False
2025-01-05,34.6216216216216,353,False,49,248,50,6,24.7,False,13.9,33.0,False,3.6,76.72,True,74.59333333333333,0.6566666666666663,1.9238415454873838,False,0.0,False,Sunday,1,False
2025-01-06,21.6226993865031,334,False,32,164,134,4,10.0,False,12.4,56.0,False,5.9,77.27,False,74.53755555555556,1.1338730158730215,1.7818424444622976,False,0.0,False,Monday,1,False
2025-01-07,10.8540145985401,277,False,0,0,269,8,3.7,False,15.9,75.0,False,5.2,77.84,False,74.52733333333333,1.5769523809523918,1.76319475111105,False,0.0,False,Tuesday,1,False
2025-01-08,11.5905797101449,282,False,34,206,36,6,7.2,False,16.0,58.0,False,6.7,77.37,False,74.536,2.034000000000006,1.7776412853369257,False,0.0,False,Wednesday,1,False
2025-01-09,15.3369738339022,299,False,0,43,250,6,6.7,False,21.1,84.0,False,7.8,78.44,False,74.51288888888888,2.4556825396825417,1.7258017153073515,False,0.0,False,Thursday,1,False
2025-01-10,13.984126984127,322,False,30,249,39,4,0.1,False,7.8,29.0,False,1.3,79.76,False,74.49255555555555,2.80458730158729,1.666987837971103,True,0.1,False,Friday,1,False
2025-01-11,14.7900763358779,266,False,30,164,72,0,0.0,False,8.5,27.0,False,-1.7,79.76,True,74.48688888888888,3.2445396825396813,1.6478850213846459,False,0.0,False,Saturday,1,False
2025-01-12,14.1947194719472,305,False,26,181,97,1,0.0,False,8.3,27.0,False,-2.5,79.76,True,74.48122222222221,3.6844920634920726,1.628538206995449,False,0.0,False,Sunday,1,False
2025-01-13,18.4831081081081,296,True,29,148,31,0,0.0,False,12.7,43.0,False,-3.2,82.69,False,74.49555555555555,4.104444444444454,1.6692083241679758,False,0.0,False,Monday,1,False
2025-01-14,10.8730769230769,267,False,24,221,22,0,0.0,False,6.5,25.0,False,-3.2,82.39,False,74.59566666666666,4.77861904761906,1.8770003861072198,False,0.0,False,Tuesday,1,False
2025-01-15,17.4947368421053,291,True,30,197,30,2,0.0,False,7.7,39.0,False,-1.6,83.48,False,74.69277777777778,5.331507936507947,2.0460079122616133,False,0.0,False,Wednesday,1,False
2025-01-16,10.951724137931,297,False,34,234,28,1,0.0,False,15.8,41.0,False,2.3,82.39,False,74.794,6.103142857142856,2.2454852582353313,False,0.0,False,Thursday,1,False
2025-01-17,13.9601226993865,335,False,38,257,37,3,0.0,False,10.6,29.0,False,0.8,83.02,False,74.9011111111111,6.560317460317464,2.3731761510060116,False,0.0,False,Friday,1,False
2025-01-18,11.0479704797048,274,False,32,188,51,3,0.0,False,10.7,30.0,False,-0.4,83.02,True,75.01522222222222,6.911920634920634,2.5114614697652926,False,0.0,False,Saturday,1,False
2025-01-19,11.981308411215,326,False,27,214,82,3,0.0,False,4.7,22.0,False,-1.2,83.02,True,75.12933333333332,7.263523809523818,2.6375323843812635,False,0.0,False,Sunday,1,False
2025-01-20,22.4042024832856,357,False,28,316,11,2,0.0,False,3.8,13.0,False,-2.5,81.68,False,75.23744444444445,7.621126984126974,2.7579566451337922,False,0.0,False,Monday,1,True
2025-01-21,15.9144981412639,276,False,26,240,8,2,0.0,False,3.9,13.0,False,-1.9,80.57,False,75.30511111111112,7.409174603174591,2.840187224580419,False,0.0,False,Tuesday,1,True
2025-01-22,14.6012084592145,342,False,38,266,34,4,0.4,False,4.8,15.0,False,-0.8,80.0,False,75.37055555555555,7.083730158730148,2.892990117979963,True,0.4,False,Wednesday,1,True
2025-01-23,13.597667638484,355,False,7,137,203,8,2.8,False,9.0,47.0,False,3.4,78.62,False,75.43422222222222,6.522920634920624,2.931294908007546,False,0.0,False,Thursday,1,True
2025-01-24,13.4603174603175,394,False,43,312,34,5,0.0,False,8.9,31.0,False,5.2,78.71,False,75.46755555555555,5.951015873015876,2.9504261018165225,False,0.0,False,Friday,1,True
2025-01-25,9.05147058823529,278,False,40,162,72,4,0.0,False,6.5,28.0,False,7.3,78.71,True,75.50188888888889,5.300968253968264,2.970132934810329,False,0.0,False,Saturday,1,False
2025-01-26,9.35593220338983,299,False,7,94,192,6,1.1,False,13.5,65.0,False,7.1,78.71,True,75.53622222222222,4.650920634920638,2.9893111369788823,False,0.0,False,Sunday,1,False
2025-01-27,9.6158940397351,307,False,41,211,54,1,34.1,False,9.5,54.0,False,6.4,77.3,False,75.61222222222223,3.9592063492063403,2.9819949501390357,False,0.0,False,Monday,1,False
2025-01-28,5.25270758122744,281,False,25,183,71,2,7.0,False,12.2,43.0,False,5.8,78.01,False,75.68122222222222,3.264492063492071,2.947830597400279,False,0.0,False,Tuesday,1,False
2025-01-29,8.74226804123711,296,False,5,92,194,5,0.1,False,18.0,57.4,False,6.0,77.02,False,75.73455555555554,2.8454444444444533,2.9460391086119575,False,0.0,False,Wednesday,1,False
2025-01-30,7.40350877192982,291,False,26,235,27,3,0.1,False,5.2,18.0,False,2.6,77.42,False,75.77644444444445,2.377841269841255,2.9371037140734284,False,0.0,False,Thursday,1,False
2025-01-31,11.9692307692308,342,False,38,263,37,4,0.8,False,8.8,23.0,False,4.1,77.11,False,75.81855555555556,2.16430158730158,2.933150149627123,False,0.0,False,Friday,1,False
2025-02-01,11.8,279,False,34,169,70,6,0.0,False,12.1,31.0,False,1.8,77.11,True,75.85722222222222,1.897063492063495,2.9269061887444874,False,0.0,False,Saturday,2,False
2025-02-02,14.0283911671924,324,False,33,195,89,7,0.0,False,6.7,20.0,False,1.6,77.11,True,75.89588888888888,1.6298253968254244,2.920131170844767,False,0.0,False,Sunday,2,False
2025-02-03,7.74257425742574,310,False,33,244,29,4,0.0,False,7.8,21.0,False,1.3,76.49,False,75.92055555555557,1.3765873015872785,2.920915033293205,False,0.0,False,Monday,2,False
2025-02-04,5.78853046594982,283,False,21,236,25,1,0.0,False,4.8,13.0,False,1.0,76.58,False,75.9151111111111,1.2663174603174667,2.9193743536478793,False,0.0,False,Tuesday,2,False
2025-02-05,13.144262295082,309,False,30,269,9,1,0.0,False,4.0,13.0,False,-1.9,74.71,False,75.91577777777778,1.061365079365089,2.919520884881853,False,0.0,False,Wednesday,2,False
2025-02-06,11.993690851735,322,False,33,255,32,2,0.0,False,8.5,32.0,False,0.9,74.54,False,75.90444444444444,0.7426984126984166,2.922228682771915,False,0.0,False,Thursday,2,False
2025-02-07,11.4940828402367,349,False,38,268,39,4,0.0,False,10.3,30.0,False,1.7,74.68,False,75.91,0.32571428571428385,2.9191179212580867,False,0.0,False,Friday,2,False
2025-02-08,13.3896551724138,295,False,36,179,77,3,0.0,False,5.0,17.0,False,0.9,74.68,True,75.91711111111111,-0.028539682539673095,2.915288350626533,False,0.0,False,Saturday,2,False
2025-02-09,9.28482972136223,326,False,30,214,79,3,0.0,False,4.3,17.0,False,3.8,74.68,True,75.92422222222221,-0.38279365079364425,2.91143617897209,False,0.0,False,Sunday,2,False
2025-02-10,11.3455657492355,331,False,37,260,32,2,3.6,False,5.4,17.0,False,2.4,76.23,False,75.95188888888889,-0.7576031746031759,2.8872828074151973,False,0.0,False,Monday,2,False
2025-02-11,8.9020979020979,291,False,32,228,29,2,13.8,False,4.6,18.0,False,5.6,77.65,False,75.99266666666666,-0.8355238095238064,2.8646676768665946,False,0.0,False,Tuesday,2,False
2025-02-12,8.26366559485531,316,False,35,249,25,7,1.2,False,6.0,20.4,False,7.5,75.38,False,76.0458888888889,-0.7358888888888799,2.8502725651047127,False,0.0,False,Wednesday,2,False
2025-02-13,14.8990228013029,313,False,9,138,160,6,5.4,False,9.6,41.0,False,5.8,75.61,False,76.068,-0.6622857142857015,2.8371263353443466,False,0.0,False,Thursday,2,False
2025-02-14,30.843023255814,351,False,47,260,42,2,2.2,False,11.4,30.0,False,-0.5,75.19,False,76.092,-0.5334285714285727,2.8238360235056588,True,2.2,False,Friday,2,False
2025-02-15,16.7045454545454,319,False,41,207,69,2,0.0,False,8.4,37.0,False,-1.9,75.19,True,76.11133333333333,-0.4799047619047627,2.8114737628348796,False,0.0,False,Saturday,2,False
2025-02-16,11.9055374592834,313,False,34,181,96,2,0.0,False,6.4,18.5,False,-0.6,75.19,True,76.13066666666667,-0.42638095238096696,2.798921863059668,False,0.0,False,Sunday,2,False
2025-02-17,13.1615853658536,332,False,40,258,33,1,0.0,False,11.5,30.0,False,0.4,75.81,False,76.14,-0.36285714285715187,2.7943140502176447,False,0.0,False,Monday,2,False
2025-02-18,10.9174917491749,305,True,34,196,27,1,0.0,False,12.1,31.0,False,0.3,76.46,False,76.15655555555556,-0.4394126984126956,2.7878162534820707,False,0.0,False,Tuesday,2,False
2025-02-19,12.0752351097179,327,False,29,261,37,0,0.0,False,7.3,27.0,False,-0.3,76.34,False,76.18022222222223,-0.6330793650793822,2.7811690120641157,False,0.0,False,Wednesday,2,False
2025-02-20,14.1585760517799,321,False,34,253,34,0,0.0,False,4.1,14.0,False,2.2,76.95,False,76.19411111111111,-0.5098253968254056,2.7787835405175865,False,0.0,False,Thursday,2,False
2025-02-21,20.6371681415929,347,False,37,267,41,2,0.0,False,3.4,13.0,False,3.7,74.88,False,76.20355555555555,-0.32784126984127226,2.779904335559802,False,0.0,False,Friday,2,False
2025-02-22,17.22,325,False,46,193,84,2,0.0,False,4.9,22.0,False,6.4,74.88,True,76.19,-0.3585714285714374,2.7833873147350485,False,0.0,False,Saturday,2,False
2025-02-23,15.5077399380805,330,False,35,196,95,4,1.4,False,4.4,14.0,False,7.7,74.88,True,76.17644444444444,-0.38930158730158837,2.7867992639112176,False,0.0,False,Sunday,2,False
2025-02-24,14.9261538461538,332,False,35,265,26,6,0.0,False,5.7,17.0,False,7.9,74.89,False,76.18322222222221,-0.44036507936507974,2.782849492585754,False,0.0,False,Monday,2,False
2025-02-25,10.4338983050847,310,False,28,244,37,1,0.6,False,9.0,65.0,False,7.5,73.11,False,76.18688888888889,-0.5754603174603261,2.780903435955236,False,0.0,False,Tuesday,2,False
2025-02-26,9.65109034267913,325,False,7,99,213,6,1.3,False,17.2,71.0,False,4.9,73.49,False,76.17800000000001,-1.0451428571428778,2.7895282513672996,False,0.0,False,Wednesday,2,False
2025-02-27,12.2577639751553,324,False,48,240,33,3,1.8,False,9.7,26.0,False,3.0,75.01,False,76.17322222222222,-1.4475079365079466,2.7938040708011798,False,0.0,False,Thursday,2,False
2025-02-28,15.6402266288952,361,False,38,280,43,0,0.0,False,6.8,25.0,False,2.5,74.76,False,76.18266666666668,-1.7340952380952501,2.788353305682609,False,0.0,False,Friday,2,False
2025-03-01,27.0711974110032,312,True,41,31,79,2,0.0,False,17.3,47.0,False,3.5,74.76,True,76.18933333333334,-1.7579047619047685,2.7841771220952825,False,0.0,False,Saturday,3,False
2025-03-02,21.0892307692308,328,True,34,95,100,3,0.0,False,12.6,40.0,False,4.0,74.76,True,76.196,-1.781714285714287,2.7799784980186373,False,0.0,False,Sunday,3,False
2025-03-03,13.7463556851312,347,False,37,272,35,3,0.0,False,5.1,15.0,False,2.7,72.85,False,76.21766666666667,-1.82052380952382,2.7608250883652645,False,0.0,False,Monday,3,False
2025-03-04,9.66666666666667,323,False,29,264,29,1,0.0,False,4.3,20.0,False,3.7,72.31,False,76.196,-2.090285714285713,2.779663224287646,False,0.0,False,Tuesday,3,False
2025-03-05,9.10122699386503,328,False,30,267,30,1,0.0,False,2.5,13.0,False,5.1,70.92,False,76.16966666666666,-2.178238095238072,2.8052945327965304,False,0.0,False,Wednesday,3,False
2025-03-06,9.846875,325,False,30,263,31,1,0.0,False,3.3,13.0,False,6.4,71.08,False,76.13788888888888,-2.513603174603162,2.8485338213445193,False,0.0,False,Thursday,3,False
2025-03-07,13.7220630372493,358,False,42,273,39,4,0.0,False,4.2,18.0,False,6.2,72.49,False,76.1078888888889,-3.0450317460317535,2.887595514037923,False,0.0,False,Friday,3,False
2025-03-08,11.8673139158576,311,False,38,189,80,4,0.0,False,5.0,24.0,False,6.6,72.49,True,76.09355555555554,-3.3549841269841068,2.902443879632264,False,0.0,False,Saturday,3,False
2025-03-09,13.9504643962848,328,False,43,182,102,1,0.0,False,6.8,23.0,False,8.5,72.49,True,76.07922222222223,-3.664936507936517,2.917145452410569,False,0.0,False,Sunday,3,False
2025-03-10,11.3322147651007,312,False,29,197,83,3,0.0,False,7.0,27.8,False,7.7,71.08,False,76.06544444444445,-3.9754444444444488,2.9312597135229534,False,0.0,False,Monday,3,False
2025-03-11,8.43987341772152,320,False,36,252,29,3,0.0,False,4.0,21.0,False,7.1,71.51,False,76.037,-4.199857142857141,2.967260095090744,False,0.0,False,Tuesday,3,False
2025-03-12,9.63392857142857,342,False,32,276,33,1,3.3,False,6.6,22.2,False,5.9,72.36,False,76.0051111111111,-4.282253968253968,3.0005034201014156,False,0.0,False,Wednesday,3,False
2025-03-13,11.6441176470588,343,False,29,184,129,1,1.5,False,8.4,33.3,False,5.6,70.82,False,75.99222222222222,-4.063650793650794,3.0137604930751913,False,0.0,False,Thursday,3,False
2025-03-14,12.1014084507042,358,False,51,266,39,2,0.0,False,11.5,27.8,False,4.2,71.94,False,75.94699999999999,-4.055571428571412,3.0606562599515956,False,0.0,False,Friday,3,False
2025-03-15,15.4605263157895,307,True,36,0,83,5,0.0,False,20.6,35.2,False,5.2,71.94,True,75.91422222222222,-4.101365079365081,3.08777945659048,False,0.0,False,Saturday,3,False
2025-03-16,13.2373887240356,340,False,46,205,87,2,4.4,False,7.0,24.1,False,3.7,71.94,True,75.88144444444444,-4.147158730158722,3.114317629054492,False,0.0,False,Sunday,3,False
2025-03-17,19.9181286549708,347,True,32,81,38,1,0.0,True,19.3,25.9,False,4.8,71.93,False,75.85522222222222,-4.199507936507928,3.137631049335741,False,0.0,False,Monday,3,False
2025-03-18,8.66776315789474,310,False,36,243,30,1,0.0,True,12.7,31.5,False,3.8,71.93,False,75.84155555555556,-4.06441269841271,3.152147800359901,False,0.0,False,Tuesday,3,False
2025-03-19,10.6317365269461,339,False,25,280,33,1,0.0,True,4.0,22.2,False,5.6,71.94,False,75.81222222222222,-3.9750793650793526,3.1763047492617402,False,0.0,False,Wednesday,3,False
2025-03-20,13.0809968847352,323,False,35,252,34,2,0.0,False,3.9,20.4,False,8.1,72.61,False,75.79211111111111,-4.014968253968263,3.195182643035446,False,0.0,False,Thursday,3,False
2025-03-21,11.9638554216867,338,False,51,247,37,3,0.0,False,7.2,36.0,False,9.8,72.64,False,75.78566666666667,-3.752809523809532,3.201069361352186,False,0.0,False,Friday,3,False
2025-03-22,11.2959183673469,299,False,53,207,36,3,0.0,False,7.9,30.0,False,13.5,72.64,True,75.77955555555556,-3.646698412698427,3.2066006051123743,False,0.0,False,Saturday,3,False
2025-03-23,11.9171779141104,335,False,40,205,86,4,1.5,False,7.1,26.0,False,10.6,72.64,True,75.77344444444444,-3.54058730158728,3.2121105670010226,False,0.0,False,Sunday,3,False
2025-03-24,13.4732142857143,343,False,44,262,35,2,2.5,False,7.0,35.0,False,10.6,73.96,False,75.77922222222222,-3.4463650793650658,3.205926824492868,False,0.0,False,Monday,3,False
2025-03-25,8.56270096463023,318,False,30,256,31,1,4.7,False,6.2,26.0,False,9.4,73.78,False,75.78433333333334,-3.1614761904761934,3.2026172758758196,False,0.0,False,Tuesday,3,False
2025-03-26,12.8253012048193,337,False,32,267,38,0,2.1,False,5.3,24.0,False,9.2,74.6,False,75.78744444444445,-2.9003015873015983,3.2005085835716844,False,0.0,False,Wednesday,3,False
2025-03-27,16.9648093841642,348,True,42,167,36,2,3.8,False,15.8,44.5,False,8.2,74.72,False,75.79966666666667,-2.532523809523809,3.1937683177437344,False,0.0,False,Thursday,3,False
2025-03-28,14.3989071038251,375,False,44,287,41,3,0.0,False,6.2,26.0,False,8.2,74.69,False,75.81022222222222,-2.2416507936507912,3.188550435959043,False,0.0,False,Friday,3,False
2025-03-29,12.6369863013699,296,False,18,138,132,8,6.3,False,9.7,32.0,False,8.7,74.69,True,75.82044444444445,-1.9590158730158862,3.1834067368061825,False,0.0,False,Saturday,3,False
2025-03-30,17.646408839779,371,False,11,88,265,7,0.0,False,10.9,36.0,False,9.4,74.69,True,75.83066666666666,-1.6763809523809527,3.178221465757407,False,0.0,False,Sunday,3,False
2025-03-31,12.1506849315068,369,False,13,240,105,11,0.0,False,11.8,35.0,False,8.5,77.23,False,75.83566666666667,-1.388523809523818,3.1760441262902397,False,0.0,False,Monday,3,False
2025-04-01,24.8438438438438,335,True,32,0,13,0,0.0,False,32.0,83.0,False,7.1,77.78,False,75.8651111111111,-0.9508253968253939,3.1765560619151345,False,0.0,False,Tuesday,4,False
2025-04-02,23.3267045454545,355,True,32,69,46,5,0.0,False,21.0,71.0,False,10.8,77.27,False,75.90066666666667,-0.4149523809523856,3.1799172485888763,False,0.0,False,Wednesday,4,False
2025-04-03,11.4034090909091,358,False,39,268,50,1,0.0,False,10.0,34.0,False,11.2,72.54,False,75.91322222222222,-0.04607936507935051,3.183102093686965,False,0.0,False,Thursday,4,False
2025-04-04,14.3850129198966,395,False,48,291,54,2,0.0,False,7.6,27.0,False,11.9,68.36,False,75.86677777777778,-0.3110634920634965,3.2016392668466147,False,0.0,False,Friday,4,False
2025-04-05,13.2680115273775,350,False,48,206,91,5,0.0,False,6.8,30.0,False,12.9,68.36,True,75.77388888888889,-1.1224603174603232,3.296476053234119,False,0.0,False,Saturday,4,False
2025-04-06,29.5897435897436,356,True,36,20,109,2,0.0,False,21.2,51.8,False,9.1,68.36,True,75.681,-1.9338571428571356,3.3860838969687856,False,0.0,False,Sunday,4,False
2025-04-07,17.3586387434555,389,True,41,276,51,4,0.0,False,13.5,50.0,False,6.6,66.13,False,75.58200000000001,-2.739142857142866,3.468356538572652,False,0.0,False,Monday,4,False
2025-04-08,11.613698630137,374,False,38,286,49,1,0.0,False,9.3,28.0,False,7.5,64.86,False,75.45188888888889,-4.194746031746035,3.599849214834714,False,0.0,False,Tuesday,4,False
2025-04-09,12.6444444444444,363,False,38,274,48,3,0.0,False,8.8,32.0,False,9.1,67.3,False,75.31288888888889,-5.9014603174603195,3.762788603869652,False,0.0,False,Wednesday,4,False
2025-04-10,16.1818181818182,370,False,43,277,50,0,0.0,False,6.2,31.0,False,10.3,65.37,False,75.1891111111111,-7.201968253968246,3.841175687427097,False,0.0,False,Thursday,4,False
2025-04-11,19.1687979539642,401,False,48,294,56,3,0.0,False,3.5,17.0,False,11.1,66.83,False,75.02922222222222,-8.06636507936507,3.9468138843516614,False,0.0,False,Friday,4,False
2025-04-12,16.8121387283237,347,False,45,213,85,4,0.0,False,5.9,19.0,False,13.2,66.83,True,74.88555555555556,-8.141269841269846,4.007538713703331,False,0.0,False,Saturday,4,False
2025-04-13,13.4550561797753,371,False,39,230,97,5,0.5,False,8.0,30.0,False,13.5,66.83,True,74.74188888888888,-8.216174603174593,4.062222199856506,False,0.0,False,Sunday,4,False
2025-04-14,11.8439153439153,380,False,46,279,51,4,0.8,False,9.9,32.0,False,15.0,67.18,False,74.56566666666666,-8.258523809523808,4.05755974985013,False,0.0,False,Monday,4,False
2025-04-15,11.2747875354108,360,False,41,269,47,3,0.0,False,6.8,33.0,False,13.8,66.58,False,74.39666666666666,-7.939523809523791,4.044742460657058,False,0.0,False,Tuesday,4,False
2025-04-16,19.2864721485411,380,False,12,119,243,6,1.5,False,10.1,41.0,False,10.3,67.94,False,74.2088888888889,-7.506031746031752,4.010456401623364,False,0.0,False,Wednesday,4,False
2025-04-17,21.9974226804124,394,False,41,264,87,2,1.9,False,8.1,27.0,False,8.4,69.33,False,74.04833333333333,-7.254047619047611,3.9682773694523172,False,0.0,False,Thursday,4,False
2025-04-18,12.514435695538,389,False,42,247,99,1,0.2,False,6.8,25.9,False,7.5,69.33,True,73.89622222222222,-6.5362222222222215,3.8819555415377316,False,0.0,True,Friday,4,False
2025-04-19,11.9882697947214,346,False,47,212,84,3,0.0,False,7.8,29.0,False,10.1,69.33,True,73.74411111111111,-6.026968253968249,3.7874974378152166,False,0.0,False,Saturday,4,False
2025-04-20,11.3960674157303,359,False,10,105,239,5,0.1,False,10.1,47.0,False,9.5,69.33,True,73.592,-5.517714285714291,3.6842773139180767,False,0.0,False,Sunday,4,False
2025-04-21,13.5461741424802,380,False,27,149,202,2,0.0,False,9.9,49.0,False,9.9,69.33,True,73.45477777777778,-5.023349206349209,3.608870540665688,False,0.0,True,Monday,4,False
2025-04-22,12.0167597765363,360,False,40,275,44,1,0.0,False,5.2,24.0,False,12.4,68.93,False,73.32988888888889,-4.591317460317455,3.5539421044674357,False,0.0,False,Tuesday,4,False
2025-04-23,16.4598337950139,365,False,34,187,141,3,17.0,False,8.3,59.0,False,11.0,68.26,False,73.20688888888888,-4.132603174603176,3.511813016332412,False,0.0,False,Wednesday,4,False
2025-04-24,14.1772853185595,367,False,25,257,84,1,0.7,False,8.0,50.0,False,10.2,67.5,False,73.09177777777778,-3.9717777777777883,3.502165165857789,False,0.0,False,Thursday,4,False
2025-04-25,15.6781002638522,386,False,35,295,55,1,24.5,False,6.6,29.0,False,10.0,66.99,False,72.96722222222222,-4.108650793650796,3.4994487616572725,False,0.0,False,Friday,4,False
2025-04-26,16.8179190751445,355,True,44,118,114,0,0.0,False,13.1,40.0,False,11.7,66.99,True,72.837,-4.312714285714293,3.5014091705746515,False,0.0,False,Saturday,4,False
2025-04-27,13.7978723404255,380,False,43,234,102,1,0.0,False,8.3,30.0,False,11.7,66.99,True,72.70677777777777,-4.516777777777762,3.4984702364055176,False,0.0,False,Sunday,4,False
2025-04-28,13.5817694369973,381,False,30,299,50,2,0.0,False,8.6,28.0,False,14.4,66.13,False,72.59222222222222,-4.736507936507934,3.5151357407522963,False,0.0,False,Monday,4,False
2025-04-29,11.4760563380282,359,True,33,259,44,6,0.0,False,10.0,37.0,False,16.3,64.04,False,72.46022222222223,-5.061650793650799,3.532417759972682,False,0.0,False,Tuesday,4,False
2025-04-30,13.7792915531335,372,False,47,277,44,4,0.0,False,6.9,32.0,False,16.2,63.37,False,72.316,-5.616,3.6083180432346547,False,0.0,False,Wednesday,4,False
2025-05-01,12.7860962566845,380,False,35,225,118,2,0.0,False,2.9,18.5,False,16.9,62.37,False,72.15988888888889,-6.15846031746031,3.688066237446732,False,0.0,True,Thursday,5,False
2025-05-02,13.4787234042553,381,False,34,292,51,4,0.0,False,4.5,21.0,False,18.0,61.57,False,71.9961111111111,-6.727539682539671,3.7916041769567537,False,0.0,False,Friday,5,False
2025-05-03,15.1825842696629,364,False,34,236,89,5,2.2,False,9.9,41.0,False,17.8,61.57,True,71.82344444444445,-7.329158730158738,3.908153436522817,False,0.0,False,Saturday,5,False
2025-05-04,25.3657289002557,398,False,18,164,210,6,10.3,False,11.6,37.0,False,14.0,61.57,True,71.65077777777778,-7.930777777777784,4.013821969644943,False,0.0,False,Sunday,5,False
2025-05-05,22.4410256410256,399,True,46,220,58,3,15.5,False,17.8,49.0,False,8.2,61.57,True,71.485,-8.539285714285718,4.118455107430403,False,0.0,False,Monday,5,False
2025-05-06,15.8852459016393,370,True,40,236,46,3,1.5,False,17.6,44.0,False,8.6,62.37,False,71.31822222222223,-9.023936507936511,4.212653112019405,False,0.0,False,Tuesday,5,False
2025-05-07,13.28418230563,383,True,46,276,51,3,0.0,False,13.3,42.0,False,10.3,60.31,False,71.18111111111111,-9.125396825396827,4.30091222214327,False,0.0,False,Wednesday,5,False
2025-05-08,19.1568123393316,393,True,37,136,58,1,0.0,False,12.5,38.0,False,11.0,62.22,False,71.023,-9.404428571428568,4.435501935039593,False,0.0,False,Thursday,5,False
2025-05-09,35.0485175202156,383,True,36,51,65,2,0.0,False,15.2,40.0,False,10.5,64.26,False,70.88455555555555,-9.287412698412695,4.513838188672452,False,0.0,False,Friday,5,False
2025-05-10,14.5669515669516,357,False,37,213,103,4,0.0,False,7.4,22.2,False,11.9,64.26,True,70.76877777777779,-8.787349206349212,4.548890919966925,False,0.0,False,Saturday,5,False
2025-05-11,14.7803617571059,389,False,45,239,104,1,0.0,False,11.5,32.0,False,15.1,64.26,True,70.653,-8.287285714285723,4.580717388986421,False,0.0,False,Sunday,5,False
2025-05-12,14.6883116883117,394,False,36,256,101,1,0.7,False,9.6,41.0,False,14.8,65.28,False,70.52,-7.769999999999996,4.590733216021594,False,0.0,False,Monday,5,False
2025-05-13,10.2921348314607,360,False,29,280,50,1,0.0,False,7.0,29.6,False,14.5,66.93,False,70.38255555555556,-7.102555555555561,4.559938537215266,False,0.0,False,Tuesday,5,False
2025-05-14,13.1530343007915,385,False,31,303,50,1,0.0,False,4.5,23.0,False,14.4,65.91,False,70.28866666666666,-6.357238095238081,4.542845764546638,False,0.0,False,Wednesday,5,False
2025-05-15,19.1496062992126,396,False,21,176,198,1,0.0,False,11.5,43.0,False,14.6,64.36,False,70.18088888888889,-5.449460317460321,4.530227477595523,False,0.0,False,Thursday,5,False
2025-05-16,22.328431372549,417,False,49,314,52,2,0.0,False,12.3,40.0,False,12.7,65.2,False,70.06055555555555,-5.023412698412699,4.53950434385739,False,0.0,False,Friday,5,False
2025-05-17,12.6361031518625,356,False,39,209,104,4,0.0,False,5.7,26.0,False,13.4,65.2,True,69.94955555555556,-4.778126984126985,4.534805202787215,False,0.0,False,Saturday,5,False
2025-05-18,14.3148148148148,386,False,34,251,99,2,0.0,False,5.8,30.0,False,13.8,65.2,True,69.83855555555554,-4.532841269841256,4.527349985382992,False,0.0,False,Sunday,5,False
2025-05-19,13.7474226804124,393,False,51,290,51,1,0.0,False,7.4,25.9,False,15.3,66.25,False,69.72066666666666,-4.2806666666666615,4.508208692816651,False,0.0,False,Monday,5,False
2025-05-20,15.6044568245125,365,False,33,288,43,1,6.8,False,6.5,28.0,False,16.1,66.93,False,69.60722222222222,-4.028650793650783,4.4649695263709095,False,0.0,False,Tuesday,5,False
2025-05-21,16.2705570291777,385,False,34,295,50,6,7.4,False,8.4,28.0,False,14.4,65.86,False,69.50266666666667,-3.9240952380952336,4.415439153850778,False,0.0,False,Wednesday,5,False
2025-05-22,18.080310880829,390,False,33,302,53,2,5.5,False,7.2,25.0,False,11.3,64.87,False,69.37944444444445,-3.8080158730158757,4.359663001385902,False,0.0,False,Thursday,5,False
2025-05-23,23.8653846153846,428,False,34,190,202,2,0.1,False,9.6,32.0,False,11.9,65.41,False,69.26822222222222,-3.623936507936506,4.345420572289021,False,0.0,False,Friday,5,False
2025-05-24,15.1983002832861,359,False,19,126,211,3,0.4,False,7.3,31.0,False,12.4,65.41,True,69.163,-3.4887142857142805,4.322603109291865,False,0.0,False,Saturday,5,False
2025-05-25,19.3333333333333,384,False,40,202,138,4,1.4,False,9.7,35.0,False,14.3,65.41,True,69.05777777777777,-3.3534920634920553,4.297059819939691,False,0.0,False,Sunday,5,False
2025-05-26,25.6455696202532,404,False,8,147,246,3,1.7,False,9.0,36.0,False,14.3,65.41,True,68.95244444444445,-3.218158730158734,4.268585617162497,False,0.0,False,Monday,5,False
2025-05-27,15.0873015873016,388,False,31,304,52,1,0.0,False,7.1,31.0,False,14.1,64.32,False,68.86688888888888,-3.2526031746031663,4.261479050211456,False,0.0,False,Tuesday,5,False
2025-05-28,29.2,405,False,9,87,305,4,5.1,False,10.0,39.0,False,14.3,65.72,False,68.765,-3.5235714285714295,4.259325327701724,False,0.0,False,Wednesday,5,False
2025-05-29,14.9653333333333,380,False,35,255,89,1,4.2,False,8.1,26.0,False,15.8,64.6,False,68.66177777777777,-3.440349206349211,4.21865561891128,False,0.0,True,Thursday,5,False
2025-05-30,15.892030848329,396,False,34,306,54,2,0.0,False,3.3,22.0,False,18.4,64.32,False,68.54888888888888,-3.3660317460317373,4.189474087948685,False,0.0,False,Friday,5,False
2025-05-31,19.5388888888889,366,False,39,238,86,3,0.0,False,5.7,25.0,False,20.7,64.32,True,68.43288888888888,-3.4057460317460198,4.159995744501148,False,0.0,False,Saturday,5,False
2025-06-01,35.6143617021276,394,False,34,136,222,2,4.0,False,10.1,45.0,False,20.6,64.32,True,68.31688888888888,-3.4454603174603164,4.1270112276221615,False,0.0,False,Sunday,6,False
2025-06-02,35.2382133995037,411,False,30,214,164,3,6.1,False,7.8,35.0,False,17.5,66.55,False,68.2221111111111,-3.50639682539682,4.11967777032942,False,0.0,False,Monday,6,False
2025-06-03,15.664,391,False,26,221,141,3,4.0,False,5.3,38.0,False,18.0,67.48,False,68.15811111111111,-3.279539682539692,4.100153160868793,False,0.0,False,Tuesday,6,False
2025-06-04,27.9560439560439,377,False,23,198,154,2,11.8,False,6.5,72.0,False,16.5,66.69,False,68.1198888888889,-2.789888888888896,4.090139003283125,False,0.0,False,Wednesday,6,False
2025-06-05,17.5175,410,False,35,320,52,3,0.4,False,8.0,34.0,False,17.3,67.14,False,68.07111111111112,-2.6025396825396996,4.080606763774219,False,0.0,False,Thursday,6,False
2025-06-06,22.4809523809524,429,False,14,235,175,5,2.8,False,12.8,43.0,False,19.2,68.02,False,68.01166666666667,-2.18023809523811,4.054395104443074,False,0.0,False,Friday,6,False
2025-06-07,24.4371252204585,386,False,11,64,297,14,29.9,False,7.7,36.0,False,16.1,68.02,True,67.962,-1.6020000000000039,4.026199646753281,False,0.0,False,Saturday,6,False
2025-06-08,18.8923884514436,390,False,0,0,378,12,0.2,False,13.9,52.0,False,15.9,68.02,True,67.91233333333334,-1.023761904761912,3.9971813243004735,False,0.0,False,Sunday,6,False
2025-06-09,16.9294710327456,401,False,32,272,91,6,0.0,False,5.6,18.5,False,15.5,68.73,False,67.87833333333333,-0.46119047619048104,3.9829231685161575,False,0.0,True,Monday,6,False
2025-06-10,13.0238095238095,392,False,33,307,50,2,0.0,False,6.8,27.8,False,16.9,68.41,False,67.84744444444443,-0.1188730158730067,3.9651823317290034,False,0.0,False,Tuesday,6,False
2025-06-11,14.6445012787724,398,False,37,307,50,4,0.0,False,7.5,24.1,False,19.1,71.29,False,67.80355555555555,0.057873015873013856,3.9364297721186596,False,0.0,False,Wednesday,6,False
2025-06-12,17.9826302729528,411,False,40,316,53,2,0.0,False,7.4,23.0,False,21.3,70.84,False,67.80877777777778,0.7097936507936566,3.9407858190240956,False,0.0,False,Thursday,6,False
2025-06-13,21.7862407862408,415,False,52,307,50,6,0.0,False,8.1,27.0,False,23.7,76.0,False,67.79655555555556,1.2505873015873021,3.929518700297875,False,0.0,False,Friday,6,False
2025-06-14,22.0760869565217,379,False,64,258,52,5,0.0,False,7.5,28.0,False,24.9,76.0,True,67.84166666666667,2.345476190476191,4.000287419450371,False,0.0,False,Saturday,6,False
2025-06-15,37.769436997319,383,False,35,192,155,1,7.6,False,8.0,28.0,False,21.1,76.0,True,67.88677777777777,3.440365079365094,4.069320078972561,False,0.0,False,Sunday,6,False
2025-06-16,20.7664233576642,417,True,48,306,51,2,0.0,False,12.1,35.0,False,18.7,75.05,False,67.932,4.5351428571428585,4.136812321073548,False,0.0,False,Monday,6,False
2025-06-17,19.5573333333333,391,True,36,222,51,4,0.0,False,14.0,48.0,False,19.4,78.7,False,67.96666666666667,5.403333333333336,4.183501570845773,False,0.0,False,Tuesday,6,False
2025-06-18,18.1615384615385,408,False,34,318,53,3,0.0,False,5.4,18.5,False,20.4,78.38,False,68.04177777777777,6.798222222222236,4.314281634002207,False,0.0,False,Wednesday,6,False
2025-06-19,17.4923076923077,398,False,53,246,93,6,0.0,False,10.1,35.2,False,22.1,80.37,False,68.10588888888888,7.746968253968262,4.424395570843713,False,0.0,False,Thursday,6,False
2025-06-20,21.26735218509,403,False,55,286,59,3,0.0,False,14.3,35.2,False,22.6,78.73,False,68.19177777777777,9.022507936507935,4.585499759018707,False,0.0,False,Friday,6,False
2025-06-21,17.883008356546,365,False,46,225,89,5,0.0,False,8.5,27.0,False,21.5,78.73,True,68.25944444444445,9.344841269841268,4.695493024601404,False,0.0,False,Saturday,6,False
2025-06-22,19.5425,407,False,45,256,101,5,0.0,False,6.5,27.8,False,23.3,78.73,True,68.32711111111111,9.667174603174615,4.80200385243099,False,0.0,False,Sunday,6,False
2025-06-23,36.0725,408,False,0,65,335,8,7.1,False,12.6,57.0,False,24.0,74.34,False,68.3801111111111,10.004174603174619,4.890383017202419,False,0.0,False,Monday,6,False
2025-06-24,19.2860962566845,384,False,1,112,267,4,0.0,False,8.9,33.3,False,21.9,69.13,False,68.38633333333334,9.8965238095238,4.897681508358201,False,0.0,False,Tuesday,6,False
2025-06-25,17.266318537859,397,False,42,302,51,2,0.0,False,4.9,22.2,False,23.7,68.4,False,68.32555555555555,8.590158730158734,4.853446849107769,False,0.0,False,Wednesday,6,False
2025-06-26,32.3962765957447,391,False,13,152,221,5,4.4,False,10.4,55.0,False,21.4,68.57,False,68.25533333333334,7.234666666666669,4.805371573048927,False,0.0,False,Thursday,6,False
2025-06-27,24.9,419,False,34,288,92,5,0.0,False,9.2,27.0,False,22.0,69.37,False,68.18733333333333,5.616952380952384,4.75634403080101,False,0.0,False,Friday,6,False
2025-06-28,20.5388888888889,378,False,46,238,91,3,0.0,False,4.7,22.0,False,23.6,69.37,True,68.12822222222222,4.33892063492064,4.707428405962645,False,0.0,False,Saturday,6,False
2025-06-29,22.3413333333333,406,False,60,233,110,3,0.0,False,8.0,27.8,False,25.7,69.37,True,68.0691111111111,3.060888888888911,4.6572405014825895,False,0.0,False,Sunday,6,False
2025-06-30,27.951690821256,423,False,54,307,58,4,0.0,False,9.3,40.0,False,25.4,68.15,False,67.98177777777778,1.8110793650793653,4.55612208894789,False,0.0,False,Monday,6,False
2025-07-01,19.1928020565553,394,False,50,284,57,3,0.0,False,8.4,38.0,False,26.0,67.63,False,67.87477777777778,1.0337936507936547,4.4348933655225835,False,0.0,False,Tuesday,7,False
2025-07-02,28.7416879795396,397,False,65,269,59,4,0.0,False,6.6,31.0,False,26.4,70.8,False,67.76766666666667,0.9266190476190417,4.320364645972374,False,0.0,False,Wednesday,7,False
2025-07-03,33.0583554376658,386,False,11,121,246,8,0.0,False,9.7,47.0,False,23.7,70.42,False,67.74833333333333,1.288809523809519,4.302625602892074,False,0.0,False,Thursday,7,False
2025-07-04,29.9053398058252,423,False,48,311,61,3,29.8,False,7.0,29.0,False,22.3,71.03,False,67.77122222222222,1.5302063492063525,4.3113864992109825,False,0.0,False,Friday,7,False
2025-07-05,22.278947368421,388,False,54,215,114,5,0.0,False,7.0,34.0,False,21.9,71.03,True,67.80088888888889,1.7376825396825382,4.324649143253749,False,0.0,False,Saturday,7,False
2025-07-06,27.2475247524752,412,False,12,111,281,8,0.4,False,9.5,53.0,False,19.6,71.03,True,67.83055555555555,1.945158730158738,4.33766606355446,False,0.0,False,Sunday,7,False
2025-07-07,37.470297029703,424,False,13,127,276,8,5.6,False,11.9,57.0,False,15.4,71.95,False,67.88499999999999,2.1278571428571524,4.346823262098514,False,0.0,False,Monday,7,False
2025-07-08,22.2668393782383,392,False,3,35,343,11,7.3,False,11.8,48.0,False,13.3,72.5,False,67.96377777777778,2.5919365079365093,4.3556223713962945,False,0.0,False,Tuesday,7,False
2025-07-09,19.3888888888889,405,False,45,307,51,2,0.0,False,6.3,20.4,False,15.9,71.98,False,68.02155555555557,3.229873015873011,4.3811329177459255,False,0.0,False,Wednesday,7,False
2025-07-10,20.9156327543424,415,False,53,297,58,7,0.0,False,6.8,28.0,False,17.1,70.38,False,68.095,3.325000000000003,4.391575246546278,False,0.0,False,Thursday,7,False
2025-07-11,21.0544554455446,412,False,46,299,65,2,0.0,False,5.6,22.0,False,18.6,72.06,False,68.13444444444445,3.2798412698412562,4.3960260683393,False,0.0,False,Friday,7,False
2025-07-12,17.7894736842105,386,False,48,248,85,5,0.0,False,8.6,31.0,False,19.9,72.06,True,68.19255555555556,3.368873015873021,4.4131233203605,False,0.0,False,Saturday,7,False
2025-07-13,22.3557213930348,414,False,35,148,224,7,0.0,False,9.7,41.0,False,21.0,72.06,True,68.25066666666667,3.457904761904757,4.429383704310401,False,0.0,False,Sunday,7,False
2025-07-14,34.3915211970075,407,False,38,225,140,4,5.1,False,11.1,44.0,False,21.3,70.96,False,68.3048888888889,3.5508253968253882,4.4459680621882605,False,0.0,False,Monday,7,False
2025-07-15,23.439588688946,395,False,15,124,250,6,9.0,False,11.0,38.0,False,20.7,70.27,False,68.35355555555556,3.3607301587301492,4.450844462511993,False,0.0,False,Tuesday,7,False
2025-07-16,20.0607594936709,410,False,36,175,195,4,0.0,False,11.1,40.0,False,19.3,69.67,False,68.37944444444445,3.016269841269832,4.455186186632782,False,0.0,False,Wednesday,7,False
2025-07-17,21.5424164524422,396,False,55,281,57,3,12.7,False,7.0,43.0,False,18.2,71.32,False,68.38322222222222,2.682492063492063,4.45614531559154,False,0.0,False,Thursday,7,False
2025-07-18,18.3609756097561,422,False,51,307,60,4,0.0,False,4.6,19.0,False,19.4,71.06,False,68.40533333333333,2.7946666666666715,4.4658225710349875,False,0.0,False,Friday,7,False
2025-07-19,27.5531914893617,381,False,40,201,134,6,4.8,False,7.3,64.0,False,19.1,71.06,True,68.42455555555556,2.632587301587307,4.473563836111628,False,0.0,False,Saturday,7,False
2025-07-20,25.2810945273632,407,False,53,255,90,9,15.0,False,6.1,25.0,False,20.3,71.06,True,68.44377777777777,2.470507936507957,4.481208348724666,False,0.0,False,Sunday,7,False
2025-07-21,32.0661577608142,403,False,60,260,77,6,10.1,False,9.4,38.0,False,18.5,71.92,False,68.463,2.3084285714285784,4.488756603192815,False,0.0,False,Monday,7,False
2025-07-22,17.0207792207792,393,False,17,157,215,4,2.2,False,12.3,40.0,False,19.2,69.69,False,68.49622222222222,2.4123492063492193,4.503293071675296,False,0.0,False,Tuesday,7,False
2025-07-23,16.9493670886076,404,False,47,301,53,3,0.0,False,5.7,31.0,False,19.3,69.17,False,68.5121111111111,2.3136031746031875,4.504972656877226,False,0.0,False,Wednesday,7,False
2025-07-24,23.9728395061728,416,False,47,302,63,4,13.1,False,7.2,22.2,False,17.8,70.42,False,68.53066666666666,2.223619047619053,4.5041962457507525,False,0.0,False,Thursday,7,False
2025-07-25,29.3473945409429,407,False,52,289,62,4,4.2,False,6.6,27.0,False,17.0,69.23,False,68.56877777777777,2.0569365079365127,4.505524655573751,False,0.0,False,Friday,7,False
2025-07-26,33.2860962566845,381,False,61,223,92,5,27.9,False,6.0,24.0,False,17.0,69.23,True,68.59366666666666,1.77061904761905,4.50289156786176,False,0.0,False,Saturday,7,False
2025-07-27,38.7404580152672,396,False,46,243,103,4,12.8,False,8.0,49.0,False,17.4,69.23,True,68.61855555555556,1.4843015873015872,4.500117741559721,False,0.0,False,Sunday,7,False
2025-07-28,33.4901960784314,416,False,17,222,167,10,11.5,False,8.9,31.0,False,14.9,70.87,False,68.653,1.1884285714285596,4.492713814137369,False,0.0,False,Monday,7,False
2025-07-29,16.4278350515464,397,False,45,295,54,3,1.0,False,7.9,28.0,False,16.4,73.21,False,68.72888888888889,0.9625396825396848,4.471552389723599,False,0.0,False,Tuesday,7,False
2025-07-30,21.7078085642317,402,False,31,217,150,4,0.7,False,7.9,38.0,False,15.7,73.98,False,68.83822222222223,1.356063492063484,4.459332236447131,False,0.0,False,Wednesday,7,False
2025-07-31,20.4735516372796,411,False,50,301,58,2,1.3,False,7.7,29.6,False,17.8,73.43,False,68.96722222222222,1.9142063492063528,4.43799302443167,False,0.0,False,Thursday,7,False
2025-08-01,40.0049751243781,409,False,21,209,156,23,1.1,False,9.6,52.0,False,18.6,70.55,False,69.099,2.2124285714285747,4.39171744706347,False,0.0,True,Friday,8,False
2025-08-02,25.212987012987,393,False,44,252,92,5,18.4,False,9.5,35.0,False,15.2,70.55,True,69.19877777777778,2.301222222222222,4.320167971084829,False,0.0,False,Saturday,8,False
2025-08-03,18.6758793969849,403,False,46,249,104,4,0.0,False,5.0,22.0,False,16.2,70.55,True,69.29855555555555,2.3900158730158694,4.245042465111145,False,0.0,False,Sunday,8,False
2025-08-04,21.1609756097561,415,False,43,315,54,3,0.1,False,6.0,20.0,False,17.5,69.56,False,69.39833333333333,2.478809523809531,4.166147480763346,False,0.0,False,Monday,8,False
2025-08-05,14.8363171355499,399,False,17,135,239,8,0.0,False,9.6,45.0,False,19.7,69.14,False,69.47822222222223,2.211777777777783,4.098243136272551,False,0.0,False,Tuesday,8,False
2025-08-06,19.7376623376623,399,False,43,295,57,4,0.0,False,11.2,36.0,False,17.4,67.97,False,69.57633333333334,1.5322380952380854,3.9802883555426556,False,0.0,False,Wednesday,8,False
2025-08-07,14.5355329949238,400,False,37,297,63,3,0.0,False,6.3,26.0,False,19.3,66.99,False,69.64022222222222,0.6097777777777793,3.90634343743558,False,0.0,False,Thursday,8,False
2025-08-08,19.0537897310513,418,False,44,311,58,5,0.0,False,5.8,29.0,False,22.1,67.17,False,69.67055555555555,-0.3405555555555537,3.8745659738418365,False,0.0,False,Friday,8,False
2025-08-09,17.3856041131105,395,False,53,246,92,4,0.0,False,4.6,24.0,False,23.3,67.17,True,69.70288888888888,-0.8557460317460226,3.840903230748599,False,0.0,False,Saturday,8,False
2025-08-10,18.2,413,False,48,230,131,4,0.0,False,6.8,36.0,False,23.7,67.17,True,69.73522222222222,-1.3709365079365057,3.8066651268892358,False,0.0,False,Sunday,8,False
2025-08-11,20.5663265306122,399,False,55,287,53,4,0.0,False,10.7,32.0,False,22.4,67.36,False,69.75622222222222,-1.8747936507936487,3.7869734076861197,False,0.0,False,Monday,8,False
2025-08-12,16.3394255874674,398,False,51,286,58,3,0.0,False,6.1,21.0,False,24.3,66.8,False,69.76100000000001,-2.193857142857155,3.7836374657094294,False,0.0,False,Tuesday,8,False
2025-08-13,22.4754901960784,422,False,45,322,52,3,0.0,False,4.2,17.0,False,25.2,66.25,False,69.77088888888889,-2.5380317460317485,3.774611712882688,False,0.0,False,Wednesday,8,False
2025-08-14,15.6701570680628,388,False,56,268,61,3,0.0,False,6.4,30.0,False,24.7,68.12,False,69.79188888888888,-2.8047460317460207,3.7493429819788853,False,0.0,False,Thursday,8,False
2025-08-15,23.220623501199,424,False,50,267,104,3,0.0,False,4.6,24.0,False,23.0,67.3,False,69.82433333333333,-2.675761904761899,3.7216931781609146,False,0.0,False,Friday,8,False
2025-08-16,24.5974025974026,391,False,50,167,168,6,0.0,False,7.5,32.0,False,22.7,67.3,True,69.84766666666667,-2.6805238095238195,3.6988880959117094,False,0.0,False,Saturday,8,False
2025-08-17,18.0610687022901,400,False,43,248,105,4,0.0,False,9.4,23.0,False,20.9,67.3,True,69.87100000000001,-2.685285714285726,3.6757917590894214,False,0.0,False,Sunday,8,False
2025-08-18,17.5893719806763,427,False,42,329,53,3,0.0,False,10.2,29.6,False,19.9,68.18,False,69.88266666666667,-2.678380952380948,3.665822653968274,False,0.0,False,Monday,8,False
2025-08-19,18.4133333333333,387,False,34,218,132,3,0.0,False,5.8,29.0,False,20.8,66.62,False,69.89655555555557,-2.575126984126996,3.656867069849784,False,0.0,False,Tuesday,8,False
2025-08-20,22.7583547557841,397,False,47,289,58,3,6.4,False,7.9,28.0,False,19.9,67.61,False,69.905,-2.6092857142857184,3.64830859686889,False,0.0,False,Wednesday,8,False
2025-08-21,23.96875,389,False,41,284,61,3,37.6,False,8.6,25.0,False,16.6,68.41,False,69.93544444444444,-2.4454444444444476,3.6171194576687835,False,0.0,False,Thursday,8,False
2025-08-22,22.8119047619048,425,False,41,319,63,2,0.1,False,8.1,24.1,False,18.5,68.29,False,69.96877777777777,-2.437349206349211,3.5886581097569055,False,0.0,False,Friday,8,False
2025-08-23,18.7270341207349,388,False,38,228,118,4,0.0,False,7.8,22.2,False,16.2,68.29,True,70.00077777777777,-2.3279206349206305,3.5602790661300694,False,0.0,False,Saturday,8,False
2025-08-24,18.8203883495146,419,False,42,273,100,4,0.0,False,6.3,24.0,False,16.0,68.29,True,70.03277777777778,-2.2184920634920644,3.5313787700398316,False,0.0,False,Sunday,8,False
2025-08-25,19.3112745098039,419,False,48,311,58,2,0.0,False,4.2,20.0,False,16.4,68.29,True,70.06477777777778,-2.109063492063484,3.5019443163785615,False,0.0,False,Monday,8,False
2025-08-26,16.8041237113402,393,False,35,227,125,6,0.0,False,6.6,33.0,False,19.9,66.89,False,70.10888888888888,-2.1374603174603095,3.453436472656118,False,0.0,False,Tuesday,8,False
2025-08-27,26.6919060052219,399,False,45,270,82,2,2.4,False,7.5,39.0,False,20.9,67.75,False,70.12188888888889,-2.1118888888888847,3.438901018093507,False,0.0,False,Wednesday,8,False
2025-08-28,23.0338541666667,393,False,50,287,53,3,6.0,False,7.0,36.0,False,17.7,68.61,False,70.15688888888889,-2.1268888888888853,3.3978544600005565,False,0.0,False,Thursday,8,False
2025-08-29,26.3390243902439,411,False,50,299,59,3,10.3,False,7.5,28.0,False,17.4,67.83,False,70.20455555555556,-2.145984126984132,3.344727583712652,False,0.0,False,Friday,8,False
2025-08-30,21.8257372654155,380,False,42,221,113,4,0.3,False,11.5,36.0,False,16.3,67.83,True,70.24355555555556,-2.250698412698412,3.2954423109771778,False,0.0,False,Saturday,8,False
2025-08-31,19.3711340206185,395,False,42,247,104,2,0.0,False,5.0,22.0,False,16.8,67.83,True,70.28255555555556,-2.3554126984127066,3.2449347082697435,False,0.0,False,Sunday,8,False
2025-09-01,20.9530864197531,408,False,48,292,63,5,8.3,False,7.4,64.0,False,16.6,67.09,False,70.29677777777778,-2.4353492063492013,3.2311673292515786,False,0.0,False,Monday,9,False
2025-09-02,13.7614213197969,404,False,39,310,48,7,0.1,False,7.5,31.0,False,15.7,68.09,False,70.29244444444444,-2.60244444444443,3.23524630850017,False,0.0,False,Tuesday,9,False
2025-09-03,17.1666666666667,403,False,41,306,55,1,0.0,False,7.5,24.1,False,18.1,67.76,False,70.30799999999999,-2.446571428571417,3.2210652156709423,False,0.0,False,Wednesday,9,False
2025-09-04,30.5921052631579,400,False,35,195,164,6,30.1,False,8.9,73.0,False,17.2,66.41,False,70.31488888888889,-2.45203174603175,3.2148707295550953,False,0.0,False,Thursday,9,False
2025-09-05,30.8129330254041,444,False,51,330,62,1,3.4,False,7.1,33.0,False,14.8,64.92,False,70.297,-2.748428571428562,3.23221649695002,False,0.0,False,Friday,9,False
2025-09-06,18.4401114206128,363,False,51,228,71,13,0.1,False,9.5,33.0,False,14.8,64.92,True,70.26255555555555,-3.129698412698417,3.273014471835369,False,0.0,False,Saturday,9,False
2025-09-07,20.5688775510204,400,False,42,269,87,2,0.0,False,4.5,18.0,False,15.7,64.92,True,70.2281111111111,-3.510968253968244,3.3129480047093165,False,0.0,False,Sunday,9,False
2025-09-08,22.1827160493827,410,False,17,260,132,1,0.0,False,6.5,28.0,False,17.2,65.44,False,70.18577777777779,-3.8843492063492135,3.3563640632912795,False,0.0,False,Monday,9,False
2025-09-09,21.4106666666667,385,False,29,276,77,3,7.0,False,8.3,36.0,False,16.6,67.97,False,70.15277777777777,-4.087063492063493,3.3884668992924145,False,0.0,False,Tuesday,9,False
2025-09-10,26.0543209876543,413,False,44,312,54,3,2.9,False,6.4,21.0,False,15.6,67.62,False,70.11588888888889,-4.0673174603174544,3.3940145247578166,False,0.0,False,Wednesday,9,False
2025-09-11,22.9438775510204,400,False,3,117,277,3,1.1,False,9.4,38.9,False,15.8,67.25,False,70.08011111111111,-4.051539682539669,3.403254719258416,False,0.0,False,Thursday,9,False
2025-09-12,19.6802884615385,426,False,36,330,55,5,1.6,False,7.2,24.1,False,13.9,67.87,False,69.9828888888889,-3.8343174603174646,3.3569054250111545,False,0.0,False,Friday,9,False
2025-09-13,19.6639344262295,374,False,38,270,60,6,0.0,False,5.9,37.0,False,13.8,67.87,True,69.89255555555556,-3.322555555555553,3.3021081319160874,False,0.0,False,Saturday,9,False
2025-09-14,19.5790816326531,398,False,38,256,99,5,8.2,False,11.4,56.0,False,17.0,67.87,True,69.80222222222223,-2.8107936507936415,3.2438431839035884,False,0.0,False,Sunday,9,False
2025-09-15,25.9730392156863,414,False,7,108,295,4,0.0,False,20.5,62.0,False,20.7,67.88,False,69.72244444444445,-2.309587301587314,3.2013439281537814,False,0.0,False,Monday,9,False
2025-09-16,17.9589743589743,398,False,4,53,334,7,0.0,False,13.5,47.0,False,15.8,69.69,False,69.60222222222222,-1.8407936507936427,3.060481998383913,False,0.0,False,Tuesday,9,False
2025-09-17,17.6103896103896,392,False,33,306,53,0,0.0,False,5.3,22.2,False,15.2,69.19,False,69.50566666666667,-1.4985238095238174,2.914015357822952,False,0.0,False,Wednesday,9,False
2025-09-18,16.5975,408,False,43,309,55,1,0.0,False,4.9,20.0,False,16.3,67.83,False,69.38144444444444,-1.1500158730158745,2.6740940127497055,False,0.0,False,Thursday,9,False
2025-09-19,17.6558139534884,435,False,40,335,57,3,0.0,False,3.8,13.0,False,16.4,67.05,False,69.26033333333332,-0.9460476190476044,2.486165519182938,False,0.0,False,Friday,9,False
2025-09-20,20.3565459610028,365,False,41,212,109,3,0.0,False,4.6,22.0,False,19.2,67.05,True,69.13055555555556,-0.9334126984127096,2.2828276183477616,False,0.0,False,Saturday,9,False
2025-09-21,26.6331658291457,404,False,15,93,291,5,15.1,False,7.6,30.0,False,18.6,67.05,True,69.00077777777777,-0.9207777777777721,2.0512244782531694,False,0.0,False,Sunday,9,False
2025-09-22,30.1786600496278,407,False,41,242,121,3,10.6,False,12.8,33.3,False,13.6,66.87,False,68.91977777777778,-0.9569206349206496,1.9807421023231038,False,0.0,False,Monday,9,False
2025-09-23,21.359173126615,393,False,42,299,50,2,7.7,False,12.2,33.0,False,11.1,67.96,False,68.89466666666667,-1.0760952380952347,1.9923388096893833,False,0.0,False,Tuesday,9,False
2025-09-24,21.8226221079691,397,False,32,307,55,3,2.5,False,7.5,21.0,False,11.7,69.64,False,68.88977777777778,-1.318349206349211,1.9941053457247295,False,0.0,False,Wednesday,9,False
2025-09-25,21.5301507537688,403,False,34,308,56,5,0.1,False,6.2,22.0,False,12.0,70.48,False,68.90166666666667,-1.265952380952399,1.9953666836592785,False,0.0,False,Thursday,9,False
2025-09-26,21.3373786407767,418,False,42,314,59,3,2.8,False,5.7,24.1,False,11.4,71.15,False,68.914,-0.8997142857142961,2.0017143214578184,False,0.0,False,Friday,9,False
2025-09-27,24.5090909090909,395,False,36,256,98,5,10.9,False,4.5,16.0,False,10.8,71.15,True,68.93377777777778,-0.33377777777778306,2.0150197689287745,False,0.0,False,Saturday,9,False
2025-09-28,22.0,414,False,43,259,110,2,0.0,False,6.9,25.9,False,12.0,71.15,True,68.95355555555557,0.2321587301587158,2.028042899572664,False,0.0,False,Sunday,9,False
2025-09-29,21.4536817102138,429,False,39,332,56,2,0.0,False,6.3,19.0,False,12.6,69.0,False,68.98688888888888,0.7845396825396875,2.0393101083118514,False,0.0,False,Monday,9,False
2025-09-30,16.9053708439898,400,False,43,296,56,5,0.3,False,4.6,45.0,False,11.1,68.52,False,69.0021111111111,1.0736031746031784,2.0341745941930944,False,0.0,False,Tuesday,9,False
2025-10-01,17.2594458438287,404,False,47,303,46,8,0.1,False,10.8,33.3,False,10.3,66.67,False,68.97677777777777,1.1789365079365268,2.0257121526400375,False,0.0,False,Wednesday,10,False
2025-10-02,18.693094629156,403,False,45,295,58,5,0.0,False,10.7,36.0,False,7.7,65.44,False,68.93511111111111,0.7963174603174679,2.0342418428412783,False,0.0,False,Thursday,10,False
2025-10-03,22.772397094431,427,False,33,259,131,4,0.0,False,4.6,17.0,False,6.7,66.13,False,68.87299999999999,0.13842857142859089,2.0547956786281993,False,0.0,False,Friday,10,False
2025-10-04,28.7299465240642,381,False,0,0,364,17,2.1,False,16.3,82.0,False,12.8,66.13,True,68.81855555555556,-0.5242698412698417,2.061904629010846,False,0.0,False,Saturday,10,False
2025-10-05,31.5929411764706,437,False,4,86,339,8,4.8,False,15.1,51.0,False,9.5,66.13,True,68.76411111111112,-1.18696825396826,2.0675398692942757,False,0.0,False,Sunday,10,False
2025-10-06,22.0761670761671,413,False,36,318,55,4,0.4,False,9.2,28.0,False,10.1,67.09,False,68.69944444444444,-1.8394444444444389,2.057768159987899,False,0.0,False,Monday,10,False
2025-10-07,15.3010204081633,404,False,37,316,48,3,0.0,False,6.6,25.0,False,12.4,67.1,False,68.63933333333333,-2.052190476190475,2.024244511591162,False,0.0,False,Tuesday,10,False
2025-10-08,13.7462311557789,407,False,34,312,57,4,0.0,False,5.5,15.0,False,10.0,67.42,False,68.5851111111111,-2.200825396825394,1.9989554825542757,False,0.0,False,Wednesday,10,False
2025-10-09,18.6265356265356,414,False,36,319,56,3,0.0,False,5.7,20.0,False,12.4,67.23,False,68.55222222222223,-2.06079365079367,1.9934351683206244,False,0.0,False,Thursday,10,False
2025-10-10,21.544794188862,426,True,45,283,60,3,0.0,False,11.9,30.0,False,12.5,64.41,False,68.49855555555557,-1.7514126984127216,1.9627179968328352,False,0.0,False,Friday,10,False
2025-10-11,21.8188976377953,392,False,43,245,99,5,0.0,False,10.0,41.0,False,11.5,64.41,True,68.41355555555556,-1.912126984126985,1.9723751216451644,False,0.0,False,Saturday,10,False
2025-10-12,20.680387409201,421,False,42,267,109,3,0.0,False,7.4,26.0,False,10.2,64.41,True,68.32855555555555,-2.072841269841277,1.9782954648705773,False,0.0,False,Sunday,10,False
2025-10-13,19.6105527638191,404,True,44,277,59,2,0.0,False,10.5,31.5,False,10.2,64.15,False,68.25577777777777,-2.2457777777777608,2.0007554628147193,False,0.0,False,Monday,10,False
2025-10-14,14.1078947368421,386,False,37,293,53,3,0.0,False,9.6,26.0,False,11.0,63.0,False,68.18777777777778,-2.597777777777779,2.0352322440329744,False,0.0,False,Tuesday,10,False
2025-10-15,23.1932989690722,394,True,35,230,53,5,0.0,False,9.3,34.0,False,9.1,62.33,False,68.11366666666667,-3.1093809523809597,2.1010294159654244,False,0.0,False,Wednesday,10,False
2025-10-16,17.526582278481,403,False,37,303,62,1,0.0,False,9.4,32.0,False,9.5,61.08,False,68.01377777777779,-3.736634920634927,2.1597625638239393,False,0.0,False,Thursday,10,False
2025-10-17,16.1193317422434,427,False,38,328,59,2,0.0,False,9.1,24.1,False,9.8,61.23,False,67.9028888888889,-4.504317460317466,2.255675112299018,False,0.0,False,Friday,10,False
2025-10-18,20.2913385826772,386,True,35,196,115,6,0.0,False,9.7,39.0,False,7.8,61.23,True,67.79366666666667,-4.849380952380962,2.3375890056981925,False,0.0,False,Saturday,10,False
2025-10-19,16.7733990147783,412,False,35,265,109,3,0.0,False,4.3,18.0,False,7.2,61.23,True,67.68444444444445,-5.19444444444445,2.4117312123679224,False,0.0,False,Sunday,10,False
2025-10-20,23.3970223325062,409,False,48,300,56,5,2.7,False,5.0,14.8,False,9.5,60.71,False,67.56566666666666,-5.529952380952373,2.4634724966160224,False,0.0,False,Monday,10,False
2025-10-21,18.4133333333333,384,False,37,292,49,6,3.2,False,11.5,44.0,False,13.0,61.0,False,67.4658888888889,-5.9216031746031845,2.556563219078328,False,0.0,False,Tuesday,10,False
2025-10-22,16.7881136950904,393,False,38,300,47,8,13.7,False,9.0,24.1,False,13.5,62.28,False,67.37511111111111,-6.116539682539681,2.6390912823384767,False,0.0,False,Wednesday,10,False
2025-10-23,35.7108108108108,381,False,4,74,297,6,15.9,False,20.1,77.0,False,11.8,66.32,False,67.28466666666667,-6.033238095238097,2.672834711176323,False,0.0,False,Thursday,10,False
2025-10-24,31.8440594059406,417,False,0,0,407,10,5.6,False,21.4,77.0,False,8.6,65.8,False,67.25233333333334,-5.25233333333334,2.6666315283285327,False,0.0,False,Friday,10,False
2025-10-25,25.0216802168022,377,False,8,105,251,13,13.5,False,13.4,53.0,False,9.0,65.8,True,67.21422222222222,-4.561365079365075,2.6625568423673274,False,0.0,False,Saturday,10,False
2025-10-26,21.8166666666667,368,False,0,23,332,13,5.2,False,16.8,49.0,False,7.9,65.8,True,67.17611111111111,-3.8703968253968313,2.6579233654753294,False,0.0,False,Sunday,10,False
2025-10-27,24.5446927374302,366,False,0,0,355,11,25.3,False,22.5,71.0,False,7.2,65.52,False,67.11977777777777,-3.1612063492063456,2.632358696990896,False,0.0,False,Monday,10,False
2025-10-28,12.8628048780488,334,False,7,111,209,7,1.8,False,13.4,50.0,False,10.3,64.03,False,67.03433333333334,-2.388619047619059,2.556156283138977,False,0.0,False,Tuesday,10,False
2025-10-29,11.2181303116147,357,False,35,283,35,4,1.8,False,6.4,20.0,False,8.4,65.01,False,66.92377777777779,-1.8452063492063644,2.465956786203158,False,0.0,False,Wednesday,10,False
2025-10-30,12.5044510385757,347,False,41,264,40,2,2.2,False,8.5,35.0,False,10.5,65.11,False,66.83022222222222,-1.3616507936507816,2.3743663745113546,False,0.0,False,Thursday,10,False
2025-10-31,13.8858695652174,375,False,45,279,47,4,0.0,False,4.9,17.0,False,8.4,65.44,False,66.76977777777778,-1.474063492063479,2.347701231773037,False,0.0,False,Friday,10,False
2025-11-01,18.8492307692308,334,False,53,235,35,11,2.6,False,5.8,18.5,False,9.7,65.44,True,66.713,-1.4687142857142703,2.316839890597192,False,0.0,False,Saturday,11,False
2025-11-02,15.6885714285714,360,False,45,214,94,7,19.5,False,8.2,36.0,False,10.2,65.44,True,66.65622222222223,-1.4633650793650759,2.2841351116998587,False,0.0,False,Sunday,11,False
2025-11-03,11.8022284122563,363,False,41,281,40,1,1.0,False,7.9,24.1,False,7.8,65.79,False,66.61044444444444,-1.469015873015863,2.2665024835913163,False,0.0,False,Monday,11,False
2025-11-04,10.1490683229814,328,False,32,263,32,1,0.0,False,3.8,13.0,False,5.1,65.04,False,66.57322222222223,-1.393222222222235,2.251954870016278,False,0.0,False,Tuesday,11,False
2025-11-05,15.289156626506,338,False,40,261,33,4,0.0,False,4.7,15.0,False,4.2,63.54,False,66.54066666666667,-1.2163809523809448,2.2527141183219785,False,0.0,False,Wednesday,11,False
2025-11-06,15.9058823529412,342,False,40,284,11,7,0.0,False,4.1,14.0,False,2.9,63.41,False,66.50233333333334,-1.3880476190476259,2.274232825334952,False,0.0,False,Thursday,11,False
2025-11-07,21.3409742120344,361,False,47,291,10,13,0.0,False,4.0,12.0,False,3.9,63.72,False,66.46055555555556,-1.5891269841269775,2.2962589805765488,False,0.0,False,Friday,11,False
2025-11-08,9.86274509803922,314,False,43,250,9,12,0.0,False,4.0,13.0,False,4.5,63.72,True,66.42222222222222,-1.7965079365079362,2.313018251812831,False,0.0,False,Saturday,11,False
2025-11-09,11.7388724035608,341,False,39,213,84,5,0.5,False,4.2,17.0,False,7.2,63.72,True,66.38388888888889,-2.0038888888888806,2.3290190317916597,False,0.0,False,Sunday,11,False
2025-11-10,11.5173410404624,349,False,44,264,33,8,0.1,False,5.5,16.0,False,6.5,63.01,False,66.34344444444444,-2.2091587301587197,2.343438442299002,False,0.0,False,Monday,11,False
2025-11-11,11.0095238095238,326,False,34,262,28,2,0.0,False,5.1,15.0,False,7.5,63.86,False,66.30133333333333,-2.5641904761904684,2.3690548060710057,False,0.0,False,Tuesday,11,False
2025-11-12,17.1737804878049,332,False,38,261,28,5,0.0,False,2.9,13.0,False,4.8,61.88,False,66.27477777777779,-2.7062063492063544,2.3829908635349892,False,0.0,False,Wednesday,11,False
2025-11-13,13.8771929824561,351,False,36,276,36,3,0.2,False,4.3,17.0,False,6.2,62.14,False,66.20544444444445,-2.8740158730158853,2.4192022833779294,False,0.0,False,Thursday,11,False
2025-11-14,16.2016806722689,359,False,38,276,41,4,0.0,False,5.8,21.0,False,6.9,63.45,False,66.1481111111111,-2.9981111111111076,2.4538664260641148,False,0.0,False,Friday,11,False
2025-11-15,11.4916943521595,308,False,35,129,136,8,0.0,False,6.3,44.0,False,11.2,63.45,True,66.10533333333333,-2.9939047619047656,2.467082706084772,False,0.0,False,Saturday,11,False
2025-11-16,12.6686930091185,335,False,40,196,92,7,0.0,False,6.1,24.0,False,7.8,63.45,True,66.06255555555556,-2.9896984126984236,2.4794823495255796,False,0.0,False,Sunday,11,False
2025-11-17,17.6656976744186,348,False,14,189,142,3,6.0,False,10.4,37.0,False,6.5,63.16,False,66.00999999999999,-2.9757142857142753,2.484220764948168,False,0.0,False,Monday,11,False
2025-11-18,12.9084967320261,308,False,26,251,29,2,0.0,False,6.2,29.0,False,0.0,64.86,False,65.97155555555555,-2.9158412698412732,2.5013878894114567,False,0.0,False,Tuesday,11,False
2025-11-19,15.6771159874608,329,False,30,265,31,3,0.0,False,6.2,26.0,False,1.0,63.78,False,65.941,-2.742428571428576,2.4979425466377423,False,0.0,False,Wednesday,11,False
2025-11-20,16.3588957055215,332,False,11,168,149,4,4.3,False,10.6,43.0,False,2.3,63.64,False,65.88955555555556,-2.4195555555555686,2.494196820178533,False,0.0,False,Thursday,11,False
2025-11-21,25.5982905982906,357,False,41,269,46,1,0.1,False,12.6,32.0,False,0.2,62.78,False,65.83788888888888,-2.1536031746031696,2.4920744007728226,True,0.1,False,Friday,11,False
2025-11-22,13.9899665551839,304,False,31,193,78,2,0.0,False,9.2,32.0,False,-2.8,62.78,True,65.77666666666667,-2.1880952380952436,2.498829388857451,False,0.0,False,Saturday,11,False
2025-11-23,16.4564564564565,335,False,31,206,97,1,1.6,False,5.8,27.0,False,-2.8,62.78,True,65.71544444444444,-2.2225873015872963,2.5040529668788607,True,1.6,False,Sunday,11,False
2025-11-24,15.7574850299401,339,False,39,264,29,7,27.0,False,8.9,25.9,False,4.0,64.83,False,65.65422222222222,-2.2570793650793632,2.5077547044993436,False,0.0,False,Monday,11,False
2025-11-25,8.51943462897527,294,False,24,240,27,3,5.3,False,11.8,39.0,False,4.1,63.99,False,65.63133333333333,-1.9956190476190372,2.505748985341328,False,0.0,False,Tuesday,11,False
2025-11-26,11.9378881987578,326,False,29,262,34,1,4.0,False,5.0,20.0,False,2.7,64.81,False,65.58955555555556,-2.078126984126996,2.5013690234093695,False,0.0,False,Wednesday,11,False
2025-11-27,15.1677215189873,322,False,29,250,41,2,0.0,False,5.8,26.0,False,1.5,64.18,False,65.54733333333334,-1.888761904761914,2.4818069712827513,False,0.0,False,Thursday,11,False
2025-11-28,20.0203488372093,351,False,31,275,42,3,0.0,False,4.8,20.4,False,0.0,64.07,False,65.50677777777778,-1.7710634920635044,2.473896452549831,False,0.0,False,Friday,11,False
2025-11-29,10.8779661016949,298,False,35,180,83,0,1.2,False,5.1,18.5,False,4.1,64.07,True,65.46499999999999,-1.5449999999999804,2.4659580037818074,False,0.0,False,Saturday,11,False
2025-11-30,15.4311926605504,331,False,33,239,54,5,2.6,False,4.9,21.0,False,3.0,64.07,True,65.42322222222221,-1.3189365079364848,2.457275749153291,False,0.0,False,Sunday,11,False
2025-12-01,13.4409221902017,351,False,33,278,39,1,0.6,False,5.0,22.2,False,3.9,64.22,False,65.38966666666667,-1.1010952380952403,2.45487794612037,False,0.0,False,Monday,12,False
2025-12-02,11.448160535117,301,False,30,260,5,6,0.0,False,5.4,14.0,False,0.3,63.37,False,65.34666666666668,-1.1452380952381134,2.4409010124992965,False,0.0,False,Tuesday,12,False
2025-12-03,11.0,346,False,31,277,32,6,0.0,False,5.1,15.0,False,1.6,63.75,False,65.29788888888889,-1.1850317460317399,2.4359911322735734,False,0.0,False,Wednesday,12,False
2025-12-04,13.3890577507599,337,False,33,261,40,3,0.0,False,5.2,20.0,False,2.5,64.15,False,65.26833333333335,-1.306904761904768,2.4384818679325555,False,0.0,False,Thursday,12,False
2025-12-05,20.180790960452,361,False,38,275,46,2,3.4,False,4.2,13.0,False,3.7,64.42,False,65.25977777777778,-1.3026349206349366,2.4410671721273047,False,0.0,False,Friday,12,False
2025-12-06,11.3311475409836,308,False,38,183,85,2,0.8,False,9.7,36.0,False,5.1,64.42,True,65.25422222222223,-1.2470793650793723,2.4424177456888034,False,0.0,False,Saturday,12,False
2025-12-07,12.7619047619048,338,False,35,213,87,3,13.5,False,14.0,38.0,False,8.3,64.42,True,65.24866666666667,-1.191523809523801,2.4437548011412726,False,0.0,False,Sunday,12,False
2025-12-08,15.2628026070763,360,False,38,282,39,1,5.5,False,11.2,41.0,False,10.0,63.3,False,65.23733333333334,-1.130190476190478,2.445222261906573,False,0.0,False,Monday,12,False
2025-12-09,11.411575562701,313,False,30,271,4,8,0.1,False,5.1,17.0,False,6.0,62.62,False,65.18544444444446,-1.2097301587301672,2.4361150510256855,False,0.0,False,Tuesday,12,False
2025-12-10,10.6715542521994,349,False,34,279,30,6,0.0,False,4.7,18.0,False,5.3,63.12,False,65.1298888888889,-1.2613174603174713,2.436983535350973,False,0.0,False,Wednesday,12,False
2025-12-11,12.1201201201201,338,False,33,268,35,2,0.0,False,4.4,15.0,False,7.1,61.87,False,65.084,-1.3054285714285783,2.435496765424503,False,0.0,False,Thursday,12,False
2025-12-12,12.4729344729345,360,False,39,276,43,2,0.0,False,6.0,15.0,False,6.0,62.11,False,65.01733333333334,-1.5644761904762063,2.4404925824421264,False,0.0,False,Friday,12,False
2025-12-13,14.2572347266881,318,True,34,244,33,6,0.0,False,5.8,15.0,False,4.5,62.11,True,64.95333333333332,-1.8304761904761762,2.4403688245859976,False,0.0,False,Saturday,12,False
2025-12-14,12.4883040935672,345,False,34,226,83,2,0.0,False,5.0,16.0,False,3.3,62.11,True,64.88933333333333,-2.0964761904761815,2.4385470899951116,False,0.0,False,Sunday,12,False
2025-12-15,18.1549295774648,366,False,37,290,37,2,0.0,False,6.7,20.0,False,1.2,61.55,False,64.82522222222222,-2.362365079365084,2.4348828399854754,False,0.0,False,Monday,12,False
2025-12-16,13.8255451713396,325,False,38,251,32,4,0.0,False,5.6,19.0,False,1.4,59.93,False,64.73477777777778,-2.5219206349206402,2.403123074640892,False,0.0,False,Tuesday,12,False
2025-12-17,16.0625,359,False,44,279,35,1,0.0,False,3.1,13.0,False,2.6,60.61,False,64.6318888888889,-2.8033174603174658,2.408456960659082,False,0.0,False,Wednesday,12,False
2025-12-18,28.2072072072072,340,False,39,280,12,9,0.0,False,4.7,15.0,False,0.9,60.69,False,64.55166666666668,-3.0816666666666706,2.4209470939019,False,0.0,False,Thursday,12,False
2025-12-19,23.6086956521739,374,False,44,276,51,3,0.0,False,4.0,13.0,False,1.6,61.35,False,64.481,-3.179571428571421,2.4399507501039346,False,0.0,False,Friday,12,False
2025-12-20,24.6386554621849,366,False,48,259,55,4,0.0,False,4.6,13.0,False,3.5,61.35,True,64.41766666666666,-3.224809523809526,2.446486611772985,False,0.0,False,Saturday,12,False
2025-12-21,23.6798866855524,356,False,51,248,51,6,0.0,False,7.0,24.0,False,1.0,61.35,True,64.35433333333333,-3.2700476190476166,2.451350946047017,False,0.0,False,Sunday,12,False
2025-12-22,20.125,372,False,47,278,46,1,0.0,False,9.2,21.0,False,0.9,62.22,False,64.29299999999999,-3.3172857142857026,2.4567510517650226,False,0.0,False,Monday,12,False
2025-12-23,15.5462962962963,330,True,62,169,38,3,0.0,False,15.9,35.0,False,0.8,63.7,False,64.22922222222222,-3.15779365079365,2.4348939149458246,False,0.0,False,Tuesday,12,False
2025-12-24,26.73,303,True,32,72,138,10,0.0,False,27.5,75.0,False,1.5,63.7,False,64.16322222222222,-2.5532222222222174,2.366115114822351,False,0.0,False,Wednesday,12,False
2025-12-25,10.8345070422535,290,False,46,172,68,4,0.0,False,19.4,49.0,False,0.6,63.7,True,64.08788888888888,-2.0364603174603104,2.268664654233816,False,0.0,True,Thursday,12,False
2025-12-26,15.6033519553073,363,False,41,209,110,3,0.0,False,14.9,33.0,False,-0.3,63.7,True,64.0051111111111,-1.5236825396825324,2.1403797019281523,False,0.0,True,Friday,12,False
2025-12-27,24.4516129032258,349,False,46,203,100,0,0.0,False,9.5,32.0,False,-0.6,63.7,True,63.922333333333334,-1.1051904761904723,2.0004381823390354,False,0.0,False,Saturday,12,False
2025-12-28,21.5188405797101,353,False,43,204,103,3,0.0,False,10.1,28.0,False,-0.3,63.7,True,63.83955555555556,-0.6866984126984192,1.8461912880770013,False,0.0,False,Sunday,12,False
2025-12-29,15.2962962962963,356,False,36,281,38,1,0.0,False,4.9,21.0,False,-0.9,63.1,False,63.78066666666667,-0.29209523809523574,1.7623616688117765,False,0.0,False,Monday,12,False
2025-12-30,15.8366013071895,310,False,34,242,34,0,0.0,False,11.5,29.6,False,-0.9,62.3,False,63.720444444444446,-0.10615873015873234,1.689699069754363,False,0.0,False,Tuesday,12,False
2025-12-31,19.4883720930232,307,False,29,244,34,0,0.0,False,7.1,25.0,False,-3.8,61.35,False,63.67188888888888,-0.25760317460316173,1.6666186547426696,False,0.0,False,Wednesday,12,False
2026-01-01,17.2783171521035,315,False,31,193,91,0,0.0,False,8.1,30.0,False,-4.0,61.35,True,63.626444444444445,-0.5478730158730158,1.6736123288347473,False,0.0,True,Thursday,1,False
2026-01-02,32.3087431693989,359,False,32,261,66,0,1.0,False,10.9,50.0,False,0.4,61.98,False,63.57333333333334,-0.8304761904761975,1.6691099693846851,True,1.0,True,Friday,1,False
2026-01-03,34.1715976331361,360,False,32,216,107,5,0.1,False,9.6,34.0,False,-1.8,61.98,True,63.52722222222222,-1.0300793650793594,1.6549496939182122,True,0.1,False,Saturday,1,False
2026-01-04,35.3459302325581,353,False,33,208,111,1,0.0,False,3.8,16.7,False,-6.1,61.98,True,63.48111111111111,-1.2296825396825426,1.6393561660642066,False,0.0,False,Sunday,1,False
2026-01-05,30.9910447761194,343,False,35,267,39,2,0.0,False,4.1,17.0,False,-5.1,63.0,False,63.42433333333333,-1.4186190476190461,1.6010025300215331,False,0.0,False,Monday,1,False
2026-01-06,21.9278350515464,298,False,27,191,79,1,0.0,False,3.5,13.0,False,-8.4,62.1,False,63.37877777777778,-1.3873492063492066,1.552845758623242,False,0.0,False,Tuesday,1,False
2026-01-07,21.6931407942238,284,False,25,222,35,2,0.2,False,6.1,21.0,False,-4.7,61.08,False,63.31966666666667,-1.356809523809524,1.4975548985493297,True,0.2,False,Wednesday,1,False
2026-01-08,43.969696969697,301,False,38,249,13,1,12.3,False,14.8,36.0,False,0.5,63.34,False,63.251333333333335,-1.327047619047626,1.45688153953454,True,12.3,False,Thursday,1,False
2026-01-09,16.7087378640777,313,False,0,0,309,4,3.7,False,23.8,63.0,False,5.0,65.11,False,63.239444444444445,-1.0308730158730128,1.4516765674354877,False,0.0,False,Friday,1,False
2026-01-10,57.6204379562044,278,False,40,190,44,4,7.8,False,18.0,54.0,False,1.1,65.11,True,63.24722222222222,-0.5915079365079379,1.4598707252164143,True,7.8,False,Saturday,1,False
2026-01-11,25.2262996941896,332,False,33,206,91,2,0.5,False,5.1,22.0,False,-0.7,65.11,True,63.254999999999995,-0.1521428571428487,1.4679774743436464,True,0.5,False,Sunday,1,False
2026-01-12,15.7770491803279,307,False,35,239,31,2,0.1,False,8.2,23.0,False,1.0,65.4,False,63.26566666666667,0.2843333333333362,1.4780073512499479,True,0.1,False,Monday,1,False
2026-01-13,12.9961685823755,268,False,26,213,27,2,0.0,False,5.5,20.0,False,2.1,67.58,False,63.292333333333325,0.6005238095238212,1.4947165752948743,False,0.0,False,Tuesday,1,False
2026-01-14,10.519298245614,289,False,28,229,31,1,0.0,False,4.5,20.0,False,2.4,68.87,False,63.35066666666666,1.3250476190476306,1.5578491366612013,False,0.0,False,Wednesday,1,False
2026-01-15,13.099358974359,320,False,27,258,32,3,0.0,False,5.1,19.0,False,4.3,66.16,False,63.43722222222222,2.3513492063492123,1.6442832718738158,False,0.0,False,Thursday,1,False
2026-01-16,14.5794392523364,326,False,34,249,39,4,0.0,False,4.2,13.0,False,-0.2,66.97,False,63.492,2.6994285714285766,1.6520264709398242,False,0.0,False,Friday,1,False
2026-01-17,12.918439716312,290,False,28,196,66,0,0.0,False,6.6,18.0,False,0.0,66.97,True,63.55577777777777,2.9013650793650996,1.6743665431621146,False,0.0,False,Saturday,1,False
2026-01-18,16.7076023391813,352,False,35,229,86,2,0.0,False,8.9,26.0,False,-0.2,66.97,True,63.61955555555556,3.10330158730158,1.693985998851915,False,0.0,False,Sunday,1,False
2026-01-19,21.9510869565217,384,False,37,332,8,7,0.0,False,3.5,14.0,False,-0.9,66.91,False,63.68911111111112,3.2994603174603014,1.7016777210091678,False,0.0,False,Monday,1,True
2026-01-20,18.0284697508897,304,False,24,265,10,5,0.0,False,5.0,15.0,False,-2.1,67.68,False,63.75477777777778,3.449507936507935,1.7107480641047377,False,0.0,False,Tuesday,1,True
2026-01-21,29.7058823529412,316,False,31,264,17,4,0.0,False,3.8,14.0,False,-3.3,66.72,False,63.81477777777778,3.4037936507936593,1.752625784668615,False,0.0,False,Wednesday,1,True
2026-01-22,43.5919540229885,388,False,36,319,21,12,0.0,False,4.5,13.0,False,-2.9,65.46,False,63.819222222222216,3.092206349206357,1.7595436255741885,False,0.0,False,Thursday,1,True
2026-01-23,18.0916230366492,402,False,52,330,13,7,0.0,False,3.8,13.0,False,-1.4,68.16,False,63.815444444444445,2.9959841269841334,1.7556036518200173,False,0.0,False,Friday,1,True
2026-01-24,13.6713286713287,291,False,40,174,76,1,0.0,False,7.5,25.0,False,1.0,68.16,True,63.84166666666667,3.1397619047618974,1.8025750931108935,False,0.0,False,Saturday,1,False
2026-01-25,11.3386581469648,320,False,27,209,81,3,0.0,False,6.6,22.0,False,2.3,68.16,True,63.867888888888885,3.2835396825396828,1.8479770260073047,False,0.0,False,Sunday,1,False
2026-01-26,16.2101694915254,297,False,33,231,33,0,0.8,False,10.3,33.3,False,3.3,67.7,False,63.897222222222226,3.4242063492063437,1.8948540768475874,False,0.0,False,Monday,1,False
2026-01-27,16.6166666666667,284,False,31,226,26,1,0.1,False,5.2,19.0,False,-0.1,70.28,False,63.938,3.4962857142857047,1.9367696956386322,True,0.1,False,Tuesday,1,False
2026-01-28,10.2894736842105,309,False,44,234,30,1,4.7,False,5.7,15.0,False,2.3,70.9,False,63.99655555555555,3.8091587301587353,2.0461227577022556,False,0.0,False,Wednesday,1,False
2026-01-29,14.0662251655629,310,False,39,233,37,1,0.6,False,7.1,22.0,False,3.0,71.0,False,64.06088888888888,4.341968253968247,2.168866345232502,False,0.0,False,Thursday,1,False
2026-01-30,23.0029850746269,338,False,48,242,43,5,2.9,False,8.0,22.0,False,1.1,72.25,False,64.12266666666666,5.071619047619052,2.284683146229076,True,2.9,False,Friday,1,False
2026-01-31,13.6909722222222,293,False,52,207,30,4,0.0,False,5.3,18.0,False,1.2,72.25,True,64.19833333333332,5.580238095238116,2.4365269305217088,False,0.0,False,Saturday,1,False
2026-02-01,14.8150470219436,323,False,38,202,81,2,0.0,False,6.9,18.0,False,2.0,72.25,True,64.274,6.088857142857137,2.5772020365291683,False,0.0,False,Sunday,2,False
2026-02-02,13.2839116719243,322,False,44,245,33,0,0.0,False,6.0,21.0,False,2.5,67.72,False,64.34577777777778,6.601365079365067,2.7066086320619913,False,0.0,False,Monday,2,False
2026-02-03,10.3691756272401,283,False,20,160,98,5,1.0,False,10.6,52.0,False,3.8,70.01,False,64.37555555555556,6.574444444444438,2.7289822406758173,False,0.0,False,Tuesday,2,False
2026-02-04,14.7118055555556,300,False,40,228,28,4,0.0,False,5.8,22.0,False,0.1,71.15,False,64.44744444444444,6.46398412698413,2.7912328882083823,False,0.0,False,Wednesday,2,False
2026-02-05,13.5180327868852,313,False,33,240,33,7,0.0,False,6.9,18.0,False,0.7,69.87,False,64.53344444444444,6.413698412698423,2.8768343092638555,False,0.0,False,Thursday,2,False
2026-02-06,14.5927051671732,337,False,52,243,39,3,2.2,False,10.2,36.0,False,5.2,70.45,False,64.60177777777777,6.183936507936522,2.9298474009358144,False,0.0,False,Friday,2,False
2026-02-07,13.4084967320261,309,False,47,192,69,1,0.2,False,4.8,20.0,False,6.7,70.45,True,64.67655555555555,5.852015873015873,2.992307426192238,False,0.0,False,Saturday,2,False
2026-02-08,15.6363636363636,323,False,39,230,51,3,0.0,False,4.4,22.0,False,1.9,70.45,True,64.75133333333333,5.520095238095237,3.051637688894422,False,0.0,False,Sunday,2,False
2026-02-09,13.8779761904762,340,False,48,257,35,0,0.0,False,4.6,25.9,False,3.1,71.19,False,64.834,5.180285714285716,3.1042547098107094,False,0.0,False,Monday,2,False
2026-02-10,13.0162866449511,308,False,42,241,23,2,2.1,False,5.9,18.5,False,1.9,71.01,False,64.91544444444445,5.594555555555559,3.1737908999594358,True,2.1,False,Tuesday,2,False
2026-02-11,13.7246835443038,320,False,1,0,314,5,14.2,False,18.8,50.0,False,6.9,71.52,False,65.01688888888889,5.635968253968258,3.221235593925356,False,0.0,False,Wednesday,2,False
2026-02-12,22.7398119122257,323,False,2,39,274,8,8.1,False,18.7,48.2,False,7.5,69.8,False,65.12111111111112,5.58460317460316,3.278346200106292,False,0.0,False,Thursday,2,False
2026-02-13,19.8891966759003,367,False,46,268,51,2,1.2,False,14.2,46.3,False,7.4,69.96,False,65.19166666666666,5.5040476190476255,3.3101540240496896,False,0.0,False,Friday,2,False
2026-02-14,23.9014492753623,355,False,49,224,79,3,3.5,False,10.5,27.0,False,4.9,69.96,True,65.264,5.361714285714285,3.3426363140642232,False,0.0,False,Saturday,2,False
2026-02-15,19.4471299093656,337,False,62,212,63,0,6.8,False,7.5,34.0,False,1.9,69.96,True,65.33633333333334,5.219380952380945,3.3732378504215426,True,6.8,False,Sunday,2,False
2026-02-16,19.9186046511628,349,False,0,0,342,7,21.6,False,19.9,69.0,False,5.3,70.81,False,65.41188888888888,5.073825396825399,3.3999923643170344,False,0.0,False,Monday,2,False
2026-02-17,14.5314465408805,324,False,8,88,223,5,11.1,False,13.7,54.0,False,3.0,69.77,False,65.478,4.953428571428574,3.4466675649649834,False,0.0,False,Tuesday,2,False
2026-02-18,20.3980582524272,313,False,41,234,36,2,8.8,False,4.8,14.8,False,-0.2,71.78,False,65.54455555555556,4.709730158730153,3.471256664951236,True,8.8,False,Wednesday,2,False
2026-02-19,14.4420731707317,331,False,45,247,39,0,7.7,False,6.5,19.0,False,3.6,73.17,False,65.635,4.656428571428563,3.5266778618955,False,0.0,False,Thursday,2,False
2026-02-20,18.3138888888889,367,False,20,184,159,4,3.8,False,7.4,32.0,False,5.4,72.75,False,65.75044444444444,5.022412698412694,3.601434455510619,False,0.0,False,Friday,2,False
2026-02-21,20.2558139534884,354,False,0,0,350,4,4.2,False,19.4,48.0,False,6.8,72.75,True,65.86122222222222,5.310206349206339,3.6618672181152068,False,0.0,False,Saturday,2,False
2026-02-22,14.9489489489489,346,False,24,220,99,3,0.0,False,9.8,27.8,False,7.9,72.75,True,65.97200000000001,5.597999999999999,3.717982478156102,False,0.0,False,Sunday,2,False
2026-02-23,11.8059701492537,345,False,5,108,230,2,2.6,False,10.5,38.9,False,9.9,71.9,False,66.06,5.90857142857142,3.7837948373025054,False,0.0,False,Monday,2,False
2026-02-24,10.8134556574923,336,False,28,272,35,1,0.0,False,7.8,29.6,False,11.3,71.21,False,66.14788888888889,5.976396825396833,3.8267945028837675,False,0.0,False,Tuesday,2,False
2026-02-25,9.28181818181818,337,False,35,264,36,2,0.0,False,4.0,14.0,False,8.3,70.69,False,66.219,6.111000000000004,3.8609651381180985,False,0.0,False,Wednesday,2,False
2026-02-26,10.1656976744186,351,False,28,279,43,1,0.0,False,5.2,25.0,False,8.4,71.66,False,66.29133333333334,5.882952380952375,3.8832527776133663,False,0.0,False,Thursday,2,False
2026-02-27,12.5522788203753,376,False,36,287,49,4,0.0,False,3.4,16.7,False,9.0,71.32,False,66.37566666666667,5.582904761904757,3.9167419532183003,False,0.0,False,Friday,2,False
2026-02-28,14.8398692810458,308,False,27,131,146,4,0.0,False,8.7,28.0,False,7.6,71.32,True,66.45622222222222,5.298063492063491,3.943254110982535,False,0.0,False,Saturday,2,False
